Name,Price,Link
Discount Code For EVGA Purchases - EVGA CODE - Good For RTX Graphics Cards,0.99,https://www.ebay.com/itm/185522451501?hash=item2b31fff42d:g:4MsAAOSwU7Bi6XXG&amdata=enc%3AAQAHAAAAoDp%2BZ3gIt8%2BAdYuc7DdJ8si641cWdZCn3pBs7eswy2mD1sSRQlMWkLx3qS7Df5hWNoBtLjTVQGcdN%2FxW1JrDcxP0%2F%2F%2B0VT8n0ddGXr4aa0fW8VpeqVmccLN57%2FmGHyQL6slF2R1nf6fTkdfX0F8CXAy1u0e7XSM6%2FGS2Ou%2BIAdFaE4or9g%2FA1Iy%2BuqA2KDW47h0sGKZpqnLypYm2OvujB6E%3D%7Ctkp%3ABk9SR4KU4-7eYA
New ListingMSI GeForce RTX 3060 VENTUS 2X OC 12GB NVIDIA Graphics Card Fast shipping ðŸš€ ðŸ“¦,1.0,https://www.ebay.com/itm/284950826066?epid=5044602417&hash=item4258648c52:g:1xsAAOSwDhtjEA~b&amdata=enc%3AAQAHAAAAoP6ukLCO%2BRg4QC6Koez2AAo52EItkhKCz83j%2F9DIORKZ43DnLXEjCOCqkaf%2BSEW36qzBOFA2ub%2BzlkaOiBBtmzJqsOSBXL616RtcEqwOGPW2PWimaO1piEaMMngA5LJMKle0agiPAZ58HXY4zQ937apkAXvhcziLpQ8S4T9yUWQIP97hY6l002lf99YbsMQ4mI1UMHnWQrZDQi0eAUYtStE%3D%7Ctkp%3ABk9SR4CU4-7eYA
New ListingXFX Radeon RX 580 6GB GDDR5 Graphics Card,2.25,https://www.ebay.com/itm/304615142392?epid=245236870&hash=item46ec7a33f8:g:1kgAAOSwZSRjD7E4&amdata=enc%3AAQAHAAAAoMcx55nMqoCZMgVFRI35kBdvxCEKufpCkmhRCn4w4rRutE7NIGZCkm2sjS6C73oUL%2BTfMG5kVqsJhMqgu5Vfu5sXQpS74FAheFMMoI3APopG9qwdk3KeVnPmYaB2%2BbPiP4Ewg%2FPr5wJ2GcdVjGPmZ6urWoSjM9JasNAnsknQ2Z8xQCVB68nS%2BjwdmdKec7PKOu1y1Y93jVzEUnTY4%2FLO8fI%3D%7Ctkp%3ABk9SR_yT4-7eYA
HP 720625-001 Nvidia Quadro NVS315 1GB DDR3 PCIe Full Height Video Graphics Card,9.97,https://www.ebay.com/itm/185424161610?epid=1853272443&hash=item2b2c242b4a:g:2RMAAOSwVcFifpy5&amdata=enc%3AAQAHAAAA4NREk7bJRgyEXOkhLSVKa%2B50%2Fd2WgOtMeUsrzMP1ow%2BA0bE2LhDJMoVWMgizOlXbdmpLduxW8HDWLgZZK2BiuO%2BJw3RtrD%2FfUclJXS7fFax5bXQZQ1hz%2FzqaLNLSr96n%2Fj75uHa7i5QRIRhlZLFqwFTRwpG6KEfhwR8zzETO6dSIrbz9IewM3NV9Nm0yvhpYiKAMrtDNyLwRIg3tvdv3%2FT5PLViDwXpQPUJw7drki3SJ7iTgb%2BFfIMpCoxMBigjh4rjTGnULbMYpzPN0RdS2jGSRPimxXRRxyrMgfA8kRofR%7Ctkp%3ABFBMgJTj7t5g
New ListingEVGA GeForce GTX 960 SC Gaming Graphics Card w/4 GB GDDR5 Memory (Single Fan),30.0,https://www.ebay.com/itm/115511318697?epid=245195812&hash=item1ae502d8a9:g:2n0AAOSw6J1jD~US&amdata=enc%3AAQAHAAAAoEODkelOY6%2FjKHqx6wwuOl3NoG5mjb8JBLSajZWhiqpZeEq9DYPloPlH1hrNraZX%2BDjhMdkdH2ZN2%2BXgbbZIV21chQdreeR46SM8YZPrq9BUtLOiJuum4i0odlMzbausgEgPHx8ChNJ2CvMzgD31iWsy849To4CIbC%2BevSBn3l49jhxvN8esil%2BdIMgwlA6hDqec6uHGQ7nWTQF6pGhEd3c%3D%7Ctkp%3ABk9SR4CU4-7eYA
Lot of 9 graphics GPU cards - working,30.0,https://www.ebay.com/itm/325322906504?hash=item4bbec19b88:g:li8AAOSwYJZjDT65&amdata=enc%3AAQAHAAAAoLbVyPEfYJEznRiQuzg6GMA9TG%2B9ekhc%2B8zZS5xEqYygJCcotknud4wfaElJ7KloQbY14DHSfZnMVFVFC34oNAd14m%2FxQXB7XOLhC2q%2FEYzAT5icBXAqcqIyAwfG%2BPS4Kg5z%2Bv8gXQonucsXui8i2rLURxBtYzRLJV%2BTxwP7KBPTANaXQipg%2BV3B3wFL6392x3udovVcLDou55jk4pYFzBI%3D%7Ctkp%3ABk9SR4CU4-7eYA
Dell GeForce GTX 745 4GB GDDR3 Graphics Card 0TC2P0,37.0,https://www.ebay.com/itm/295184288227?epid=592701274&hash=item44ba5ac9e3:g:Dc4AAOSw9wli6WoB&amdata=enc%3AAQAHAAAAoP8eQzx6WWk4awXYKoWXsjqGCM80Ik8tkwjqXBumfHsY7Tu7l3pwixE2QPZ95gOrIusbb2zMMnJcaBYCqIhBKcGNAO%2BRlOA2GSSaDEu8sg%2Bz7GxNAoiHZUZyOCg3IJn9%2Bwxqtf6cosrcKmsnm71K9%2BeukNQdOpK%2FEigaPMHn5LQORRj5BS%2BugKue8uJblVvzGp0hjGk%2Bx8FH2T8DItgi4ak%3D%7Ctkp%3ABk9SR_6T4-7eYA
New ListingEVGA GeForce GTX 970 4GB ACX 2.0 Graphics Card (AS-IS SEE DESCRIPTION),40.0,https://www.ebay.com/itm/165652990731?hash=item2691b00b0b:g:IJ4AAOSwPl9jD32u&amdata=enc%3AAQAHAAAAoJcKMh3k195baQxYzm64C%2FKWkitAU2vwrsWhKxOXCXu9qEfhFN3kau%2BS32T2rY3eO%2B9i1xKwCSh2ncxga%2Bv7TVveGfm2ey3YRn191DnvQ51tN8oPtNZx8GN6UbWoa56cFl%2F85hj%2BaOu27XOg6T%2BrSu5jTbGuO%2FRI8AtRRYd22IYLoxFSrV8ubQYE7bkmBI6nyEZ1noJsZfrYwkuUYd5Y%2BVk%3D%7Ctkp%3ABk9SR4KU4-7eYA
AMD Radeon RX460 2GB GDDR5  Graphic Card PC Gaming | HP 910486-002 |High Profile,46.99,https://www.ebay.com/itm/334481224109?epid=15047404221&hash=item4de0a271ad:g:hOMAAOSwtkBgwObP&amdata=enc%3AAQAHAAAAoMH3iPMzUWuHI5rWol7ieemcqgOgrQyzvEtCPL9HHpUQWQAY8UQnip3gEonJvnp0AaxFw1luh5O4IKqyXD%2FDGXd%2BxTCEoA%2FQXBRSMdlflp%2BerJ9PBLYhHA1j9GQldaB62sZ6Owqc711Y%2FK1Rn7Cgyaic3Q2t0Dib2p1qdhxpbpHqPUa3HlVJyyFOAdrwTHuL%2F%2Bu6AG9nkSXogXeCH5cuDbw%3D%7Ctkp%3ABk9SR4CU4-7eYA
New ListingVisionTek 7750 PCIE 1GB DDR3 Dual HDMI S Graphics Card Dell PC,49.0,https://www.ebay.com/itm/295193692099?hash=item44baea47c3:g:x3IAAOSwkj5ivLU0&amdata=enc%3AAQAHAAAAoMzoQcjdunQHHaZ638NhA0B1XrSvr1KWD7i%2FPtXqUw6szHuGRBi3L6%2FJVvVe49yEKl1%2B73h5ntmeu166nhKnviDffsWpKod7F%2Bm0mx6gxIetzuNGZKiRcFknp7qMBFj2b%2BwZW2c9%2FQW%2BKwdthz%2F8AMqa7klqznPtt%2BlEx6RmjV2Up1vHvCr8uzYwCUFpHDJsBQm0LQ%2Bp%2FEJx6Kj%2B%2BtEAp1w%3D%7Ctkp%3ABk9SR4SU4-7eYA
New ListingZOTAC GAMING GeForce RTX 3060 Ti Twin Edge OC LHR 8GB GDDR6 Graphics Card,50.0,https://www.ebay.com/itm/304615185611?epid=28050206596&hash=item46ec7adccb:g:P-EAAOSwS8ljD7~j&amdata=enc%3AAQAHAAAAoN9iAds8DLhEDgUQ1h5Glaaqa%2FcntyMHvudrsnjLwD2ar%2BWzJeet7LBhjiv0Rfbubk%2FDySwPxTkTgPKYGOTzoXTVe%2FCENrsMTN7nejULaD6U9r9tZzSPH5f%2FXyTiDOxd%2BYbhzC5q5qgldvpcW9PLb%2B2Rjf3sUPB%2ByfUSea3abtThVP6sEObtM2H3koqOQIOOZMg32fn0%2BWghlg9%2BdpTXbEo%3D%7Ctkp%3ABk9SR_6T4-7eYA
MSI Radeon AMD RX 570 4GB GDDR5 Gaming Graphics Card,50.0,https://www.ebay.com/itm/363962392670?epid=19005254072&hash=item54bdd9605e:g:Y28AAOSwxOljDVt9&amdata=enc%3AAQAHAAAAoM9A%2Fz8ebfYMq%2FNip8U7zjJ3R576kg6lGCCu7G3UUHr2ILkehN2YeOd1JlC644QoBrsiLu1yJt3nPrNhpcWGM5ziKvQvZA7osJl34W6k0%2Fp32Zmfa0ZvJ9afYEQzgg1tLsvl4sgpgEYyixWLYWCOxnNdCOWIImWe5m8gEXX%2FWQQ0Vc%2BLL1m80NlFuKmjv5sbpkWJj9IH3BNaVvTHBPuCjTs%3D%7Ctkp%3ABk9SR4KU4-7eYA
HP AMD Radeon RX 460 2GB GDDR5 Video Graphics Card - 910486-001,53.5,https://www.ebay.com/itm/373836099907?epid=25037170266&hash=item570a5e3143:g:EpMAAOSwrFFihl4a&amdata=enc%3AAQAHAAAAoC%2FcN6f%2FewNDXbW%2BFKfEaJIKDX74lSfgp1yHx%2FFHqBIMYAcjoPIkl9mS88GjUPcFNat1F5xsb%2BdsOAUgSwiH%2BbTa2bo%2FPaEy90Mf9gJJkmb3ik8yAJm6kNBNqUbyR3hnONlJqOXs3SEoTBNPL%2B7eDjDT8jpbB%2BfRerIvqGhQbVHkLXJJ03CuImSOf3ssyaJTa5RsW1CFMwZbYO2mSdB89Ao%3D%7Ctkp%3ABk9SR_yT4-7eYA
Graphics HD7450 2GB GDDR3 64 Bit PCIE 2.0 HDMI-Compatible+VGA+DVI Interface Video Card with Cooling Fan,55.99,https://www.newegg.com/p/27N-0074-00008?Item=9SIB601HAJ4518&Description=graphics card&cm_re=graphics_card-_-9SIB601HAJ4518-_-Product&cm_sp=SP-_-924679-_-0-_-2-_-9SIB601HAJ4518-_-graphics card-_-card|graphic-_-20
New ListingXFX AMD RADEON RX 560 GRAPHICS CARD | RX-560D2S | 2GB GDDR5,60.0,https://www.ebay.com/itm/185560292680?hash=item2b34415d48:g:oZgAAOSwRpRjD4io&amdata=enc%3AAQAHAAAA4C7rTLdUVXWos89x1vchMk63aWedzl4TBK%2FAQDHgpV8DbyVYO0bwhBwTlZRhJd%2FcxuC4juwXECdEVP7I5UZtgtyFwDMFa27A1guio8h8hpx2nyowEXxhtTnybfw83WSrReERqkJKXqcT6wZnDQ70TYyDqfLf%2BUvTQvBsDL4K%2FtsNWvotYqq%2F0MWS4HPPH%2BhNjeqOdSe0zMtx4V8HC5BMH0Al84thCcE6THJTh9eEzAxDGIigAzfK6mabuXS8oyPasCsLWkyGvSZRt6S3s2P37vTgtgqFg2ETdvzqVRv%2F1y0Q%7Ctkp%3ABFBM_JPj7t5g
Nvidia Quadro P400 2GB GDDR5 Low Profile Graphics Card *Free Shipping*,68.5,https://www.ebay.com/itm/185518073915?hash=item2b31bd283b:g:468AAOSwf7Ni5EdD&amdata=enc%3AAQAHAAAA4MezbPyfxTKtqcztBZw3L%2FoVHqvvgdDTjSmuLHhU6CS2gn7JsIIzEO%2BSFzZaO4O77s2tG%2BuKvwGxZdbuJkOAHmnD6U8nYkB0y2bHF5wZpCMyk8YDhwj4HKYIWA3KU9v%2BPz3QDVIqFOCIOLqhRCkQy1WIgX%2BnNDwNBdNqv5y56GWIvJRi0Sf6ho9uNJGN9ldNgavpAs5Lvoa%2Bt3tqcZjJkDDrU1zMh4xnhi0GBzZRtc%2F6UNlMOl%2B8ubG6TEF4QnmUzfOO%2FRu%2B8PT3mx4NsNc1xGneJ9AlpDhb5HPlF%2ByzCYRY%7Ctkp%3ABFBM_pPj7t5g
New ListingZOTAC GAMING GeForce GTX 1660 Twin Fan 6GB GDDR5 Graphics Cards (ZT-T16600K-10M),70.0,https://www.ebay.com/itm/394222905897?epid=12047389050&hash=item5bc9842a29:g:pasAAOSwj-xjD7og&amdata=enc%3AAQAHAAAAoHQ4uzYWTSirqXSjqCnif9pBaEGpm%2F2oOo9WQj86xh0%2BrwSJpAR8ipJ9%2Fp9ZZgc47OYL24I4R5x2X%2B37beYBRvzpzkmcxG8XVaqRhZYU7KzLMkUt85E21D2iYzYMI1PS04IFfxhQn2Pz08JakVRaqyMOB3hDxqz3aqrPCtKQ%2BrvZoiyHoMFfsiDjhpQFgJg3RNDK44odQhwrafRYNm9tsxg%3D%7Ctkp%3ABk9SR_6T4-7eYA
GIGABYTE GeForce GT 730 DirectX 12 GV-N730D5-2GL 2GB 64-Bit GDDR5 PCI Express 2.0 x8 Video Card,73.22,https://www.newegg.com/p/1FT-000A-00479?Item=9SIAPNMHF02747&Description=graphics card&cm_re=graphics_card-_-9SIAPNMHF02747-_-Product&cm_sp=SP-_-1086661-_-0-_-3-_-9SIAPNMHF02747-_-graphics card-_-card|graphic-_-19
Gigabyte GeForce GT 1030 2GB DDR4 GV-N1030D4-2GL Graphics Card,74.99,https://www.ebay.com/itm/165576459855?epid=11018544282&hash=item268d20464f:g:fQkAAOSw4WJiz1oi&amdata=enc%3AAQAHAAAA4LZqKgrkFGPPqFJbUwdHskKtDmPBjLAjsYwZTpKL0T%2FVYWNyEQSWPOayL09t0hTRTS%2FlazGPLCqYTG0nWMsGmV6f8x6i8eQ87vT%2FOCP8hXT8aF2gK2iUmvOXqqtXLlSSCH0fZqGh81Q762MiWSZPMfmETuLpTcJm61w3G9LIhS32WvosZkLYu%2Fk5b8uKne4Re%2FrRZNWkPOWsPa78V5Lttif7M0XjsuMsaVZ%2FjdxtUciVYprsmOhdP7d4F6mNVvxoA56cIlXx1%2BNskMMskWKIvQZtOz%2B6g1sjFGls9KX2MHbr%7Ctkp%3ABk9SR4CU4-7eYA
"SAPLOS NVIDIA GT 730 Graphics Cards, 2GB, DDR3, 64 Bit, VGA DVI HDMI, Low Profile Video Card for PC, Gaming GPU, Desktop Computer, Save Case Space, Low Power, PCI Express x8, 2K Support",75.99,https://www.newegg.com/nvidia-geforce-gt-730/p/1FT-00H5-00007?Item=9SIB9XKHC89067&Description=graphics card&cm_re=graphics_card-_-9SIB9XKHC89067-_-Product&cm_sp=SP-_-1050312-_-0-_-1-_-9SIB9XKHC89067-_-graphics card-_-card|graphic-_-21
New ListingAMD Radeon RX 560 Gaming OC 4G 4GB GDDR5 Graphics Card (GV-RX560GAMING OC-4,78.0,https://www.ebay.com/itm/363964308375?hash=item54bdf69b97:g:9IEAAOSwjghjDjxx&amdata=enc%3AAQAHAAAAoJFTLqO5jJVi4eKEBXTq9dGeJOuXN6G%2BpcudsLbwMZiW%2BfCPW%2FNqVHrD9OJsJW%2F0Vrl%2FGXLsWfOHoFCuRs3CLXtT2hBpQemx09ANutwr3rtPKzXqO4GTooZCom8k%2FSYlucKKtHOWRxkMyKYfTuR3ypO407kRcJUf14eUDvoiVYrTcBDMdZdFtLgdXVVwb8VmSykmWzafo%2FWQUhKbLPrMyB4%3D%7Ctkp%3ABk9SR4KU4-7eYA
NVIDIA TESLA K80 24GB GDDR5 CUDA GRAPHICS CARD DELL 0HHCJ6 HHCJ6,79.0,https://www.ebay.com/itm/385067440872?epid=1774877410&hash=item59a7cedae8:g:Lr4AAOSwip9i~Kap&amdata=enc%3AAQAHAAAAoNCQNoXEvvhVE2JsPkGPHFTWNcLBPFOmksL9RtGEnJ%2FiIycR35Z4%2BYDjFDdOs4o2KkhuzBnFhelmX50FqbfO%2BqAOZnRSqwl7N41%2FJzQPH%2F0tt1h3%2F3C8lE1PdCERQWnwmNbbqPC%2F9fljXi5R%2FIWExAAhu1iIur2eOJaU0%2BuSKGkVaDwOJ2OYJrA2fCT6G0d0nulRvJ4aS8%2F5jXh0i6SWnlk%3D%7Ctkp%3ABk9SR4SU4-7eYA
New ListingXFX AMD Radeon RX 560 4GB GDDR5 Graphics Card (RX560D4S),85.0,https://www.ebay.com/itm/284950857931?epid=28004351156&hash=item42586508cb:g:mHEAAOSwKsZjEBn~&amdata=enc%3AAQAHAAAAoKijNK5ArnNzimTSq5iJnid8oPY45gOHQp1%2B14ahsQ49lUpwAOOuwzdA%2B8%2FwicYTjOwioMMkaifHmOqHkBpps8Xtjr%2F%2FP3xvslds%2BMGrZ8xR99KnTlsdLOG993DWC8TNnAwz2olHt%2F3x%2BRk7Vbkn%2B5cfgOubVnPtNm30NTv0B2IccjWD%2FUJpBBdHXFeYrNDs5DeAwZ0YO4M8e0VH%2BUqqbFU%3D%7Ctkp%3ABk9SR_6T4-7eYA
New ListingASUS NVIDIA GeForce GTX 1660 Super 6GB GDDR6 Graphic Card,89.0,https://www.ebay.com/itm/394222693898?epid=2318581991&hash=item5bc980ee0a:g:xsIAAOSwMc9jD353&amdata=enc%3AAQAHAAAAoGroviBbjpF4DrMZ8YhmZ%2B6XLaT8PC7j1o783draL79XCnrW7kRW5sTeCJ2gs72hMdZQ1iZgy3BvxcAk3Nahs6lkd3VFT3RxRzaXps7AaP6xYOTF2JR%2FU4YTxtO4Fa3ElfLzlhtHquEtvKhHlGxY8FOqHnfJH1YKYhWbm0TgHaTt2OUHtvpala1ler9ufc0%2FsHeE2zMu2%2BkN6GF6N2XQZLM%3D%7Ctkp%3ABk9SR_qT4-7eYA
New ListingASUS NVIDIA GeForce GTX 1660 SUPER TUF 6GB OC GDDR6 Graphics Card Fast Ship,89.0,https://www.ebay.com/itm/354253813934?epid=2318581991&hash=item527b2c38ae:g:NbUAAOSwVR1jD1f1&amdata=enc%3AAQAHAAAAoKesJ%2BPyWR3GeLdxSrnlVN7nrPyv5cnraB45x%2B%2FWcoD5I%2FAjeChPuVtj4gsrBbYvoHm%2BEyI9FshPD0p3%2BykrW03JYQZ0psssghFRYGYSypiopqkEXSc2WA2tBAX1WFHCYeiHWAs0Zg58Il%2BRgNyjBR%2BRJ7bFGgGd7FiCsH7aysEi%2Bkmu%2BlLLwuRd3FsI0HW1MvnSb3J0fAyBI2uYQOCebGQ%3D%7Ctkp%3ABk9SR_yT4-7eYA
SAPLOS NVIDIA GT 730 Graphics Cards 4GB DDR3 128 Bit VGA DVI HDMI Low Profile Video Card for PC Gaming GPU Desktop Computer Save Case Space Low Power PCI Express x16 2K Support,89.99,https://www.newegg.com/nvidia-geforce-gt-730/p/1FT-00H5-00006?Item=9SIB9XKHB81555&Description=graphics card&cm_re=graphics_card-_-9SIB9XKHB81555-_-Product&cm_sp=SP-_-1050312-_-0-_-1-_-9SIB9XKHB81555-_-graphics card-_-card|graphic-_-17
New ListingEVGA GeForce GTX 970 FTW ACX 2.0  4GB / 04G-P4-3975-KR / 4GB DDR5 Graphics Card,89.99,https://www.ebay.com/itm/255703887916?hash=item3b8923b02c:g:H3cAAOSwQuNi~VJB&amdata=enc%3AAQAHAAAA4Dblw40d2s3gOM5WDzLwRx6SYnK5UPoJPuMl5z77jGhbhNchEXYH59T5mtpvaudDlZlaXV7cKRBen3O%2F1fj9a%2FFiScKD%2BmjWnOzkvpdDFbhV%2BW07UmLSzgPFhRRyEGAJJWwJoUmz2dEGxthJK7458ARIUXQYUbOS2wIZ1hiZAHHdXqMxKFQoceJKgrN4%2BnQPNQAKbGW6dgggy0%2BGT2aGZ0%2BVd%2BeCcRm1LkJdoAgN%2Fv5AE0tKiE44ogASMdwBKMEtWMhG6GYuDfEz3ALtfXvLNvdu0QtYEn%2Fq42IwYru70yCZ%7Ctkp%3ABFBMgJTj7t5g
New ListingXFX AMD Radeon RX 570 8GB GDDR5 Graphics Card (RX570P8DFD6) No Original Box,93.0,https://www.ebay.com/itm/185559472045?epid=8031091627&hash=item2b3434d7ad:g:HVAAAOSwg01jDteU&amdata=enc%3AAQAHAAAA4GDPwroB9i7B5m%2FtwrEs5s8LVrGyWxzH0j%2FSMuZS7HEVV%2BsYN%2BepCmXo3X3LobJJKqd%2Fjw4s4kium%2BsWcpPUFPFExC4SxnPYNw8gkIpiwbAetSFtSkneOSYU%2F7%2BkKvD9FsR6CiOk%2FqkZIueuUBoVdW%2BxQfcDxepaUdGvyKU1JGOcv02XWxdnvMo%2Fj6gysSSK4q89bKz24C424EOPdRCEn6%2BQkdOIYdTP%2BRpW8PVA1rJ1%2FmQjGhyNJcmTIqTv9rQ%2Fy4arysrAqlcSRvf0ty%2FVxPMXN1qmcC7P8veHdZPhfY7e%7Ctkp%3ABk9SR_6T4-7eYA
EVGA GeForce GTX 970 ACX 2.0 Graphics Card,99.99,https://www.ebay.com/itm/185492359118?hash=item2b3034c7ce:g:0~gAAOSwVShimfFd&amdata=enc%3AAQAHAAAAoH6FCJxFCWF6lWvh5NPdYiQZjHxyH0bmuSTgCIt0z40xI9yWZKii%2FaMeLdbwsqiYfzjfQ5CGe4HqQaXPDZEJ5LylQeitLSewWsxKJySNnthvAodLmTvWDpQylCvzkOm8DOUB%2FuGtOt0QB6L5Wnaif9mWXBkPh4i3GOM4tJt%2B3MvcYvuJP5pPu%2BFs4TFDHMY87jAlvXZNvTC8ELKn2IKBE8o%3D%7Ctkp%3ABk9SR_qT4-7eYA
"New ListingLot of graphics cards video cards, GTX and Radeon HD",99.99,https://www.ebay.com/itm/225143706296?hash=item346b9c52b8:g:74MAAOSw-f5jEAfm&amdata=enc%3AAQAHAAAAoCjyxUMJjMcTyqt4gI9jlT9yCi6XfmRzZyYQdRTEhJ6iDpJWeG4bRbFkXSf0PoeDik58eyNzqfM%2FuiFdGtceAHneyy0nzhbwtEZ7eqeW0siNWlu1yuZEXcmOr%2BkQYiwDbF1eV1hp3Q2QOA5LHytKK4qMqwrqLYVfmHpTzloJg39RWCkZdUchMRnUhunFUmg0CNbrqVLEqRTPt57pvNUjX0k%3D%7Ctkp%3ABk9SR4SU4-7eYA
New ListingASUS PH-RTX2060-6G 192bit GDDR6 Phoenix GeForce Graphics Card,100.0,https://www.ebay.com/itm/314127406818?epid=28033703369&hash=item492373d6e2:g:6sYAAOSw7aVf~JfK&amdata=enc%3AAQAHAAAAoKiwuyiZ9ZorBra5gMhG%2B%2BcY80zBqhoQkB8Rmj0XjrqNwhSGcCuhdq3eQAa27eEYgQe2iybaifNIJPO2Q77nVQoA8Xx008kzoz58Q19r4ScXM9r2dk3AHESmRxUecAZ3ofrkA366%2FsRnVqzWBaHZZWvbG8yzWY5%2FNPdIH3%2B%2F0K4vBVfXWulLtGSHFCWHXnBkZagiA1wsxUk4OkZ%2Bv9vZI8g%3D%7Ctkp%3ABk9SR4KU4-7eYA
New ListingZOTAC GAMING GeForce GTX 1660TI 2 Fan 6GB GDDR5 Graphics Cards (ZT-T16600K-10M),100.0,https://www.ebay.com/itm/255704247682?epid=12047389050&hash=item3b89292d82:g:KLcAAOSwvqli7T9P&amdata=enc%3AAQAHAAAAoFqAyoUzPwQwxOIHyLdGtRpZQUjc%2BcAU%2Bg53P3D1lGNTdU3AyRpw8Sbpdg%2BFdp4ExFVihMz7KPo%2BO6ds48h%2Fw7stXrUaJikMIr7f%2BH3Z43gYG0bhgn6bEXHaseW%2FHzurg7znDG8T%2B1RcaIcpPrhcGkVcU5IQ5G9TDm8p9k0cOnj3HDfyMc2jw0TBzeAAYoY341tjxMiOOR6T4%2BXzyNJ%2BufU%3D%7Ctkp%3ABk9SR4KU4-7eYA
"Asus GT730-4H-SL-2GD5//GT730 HDMI 2G GT730-4H-SL-2GD5, GeForce, W126476662 (2G GT730-4H-SL-2GD5, GeForce GT 730, 2 GB, GDDR5, 5010 MHz, 3840 x 2160 Pixels, PCI Express 2.0)",100.62,https://www.amazon.com/GT730-4H-SL-2GD5-GeForce-W126476662-Pixels-Express/dp/B09DVN7QWH/ref=sr_1_260?keywords=graphics+card&qid=1662000028&sr=8-260
New ListingMSI NVIDIA GeForce RTX 3060 VENTUS 2X OC 12 GB GDDR6 Graphics Card,102.5,https://www.ebay.com/itm/234679723535?hash=item36a400660f:g:9SsAAOSwFUFjD2n~&amdata=enc%3AAQAHAAAAoDrcrYyfTxob%2FZnmTvF5xQe6fUSXNBPXVAFm96yVcP%2BzHb7%2FcDvNMmPm6hmNCy8lOILQhK8v01dHJ4Lje8HkcIZHu3PedgpyCAMlVKq%2Bw7oq6A%2FsImRmMv0WuXFb6R%2BLsX8dnwLyuZgmgWncNDqsrvjmbjXnM35od%2BvbedOx%2FYHSzlK%2Bs0SFcr69puya9QkaFgCTCY4DIDlMp8K2nOjpQPQ%3D%7Ctkp%3ABk9SR_yT4-7eYA
New ListingMSI NVIDIA GeForce GTX 1050 Ti 4GB GDDR5 Graphics Card (GTX1080TIGAMNGX),105.0,https://www.ebay.com/itm/185560280286?epid=10017465867&hash=item2b34412cde:g:drYAAOSwZTBjD4Ox&amdata=enc%3AAQAHAAAA4BN7pe5pscu46Nyp6lrNUnP%2BT6aHK9cdaj1u8CDp4p3n06w%2BWh64GuJ%2FXA64EwPHuUi9m1b%2B7cIdBrIEjCNUiCvoS1WTwM2SAmYrS6sEvEsUS9asQUQTb%2BCahtYEYYKAqR19iC%2B0BR%2FyCr5GYyaa2l2CjdEiZGQx9avk0LM8zSprpL%2FfHvHZ9fL%2Bd%2F5Kj7eeI4nGua4bgvICMtZB%2FPLX0SjlX3ZLTYi3ojf4vX1u2mI2su4tsGrmHsfnrngLW%2F44hRFFBq2M5wXI8iaVWpm0G9uMQY4qRLFJDhxFq%2B890875%7Ctkp%3ABFBM_JPj7t5g
"MAXSUN GEFORCE GT 1030 2GB GDDR5 Video Graphics Card GPU Mini ITX Design, HDMI, DVI-D, Single Fan Cooling System",106.39,https://www.amazon.com/gp/goldbox/
"MAXSUN GEFORCE GT 1030 2GB GDDR5 Video Graphics Card GPU Mini ITX Design, HDMI, DVI-D, Single Fan Cooling System",106.39,https://www.amazon.com/gp/goldbox/
"MAXSUN GEFORCE GT 1030 2GB GDDR5 Video Graphics Card GPU Mini ITX Design, HDMI, DVI-D, Single Fan Cooling System",106.39,https://www.amazon.com/gp/goldbox/
"MAXSUN GEFORCE GT 1030 2GB GDDR5 Video Graphics Card GPU Mini ITX Design, HDMI, DVI-D, Single Fan Cooling System",106.39,https://www.amazon.com/gp/goldbox/
"MAXSUN GEFORCE GT 1030 2GB GDDR5 Video Graphics Card GPU Mini ITX Design, HDMI, DVI-D, Single Fan Cooling System",106.39,https://www.amazon.com/gp/goldbox/
Zotac ZT-P10300A-10L NVIDIA GeForce GT 1030 2GB GDDR5 DVI/HDMI PCI-Express Video Card,106.71,https://www.amazon.com/Zotac-ZT-P10300A-10L-NVIDIA-GeForce-PCI-Express/dp/B071NPW8CK/ref=sr_1_134?keywords=graphics+card&qid=1661999984&sr=8-134
"VisionTek Radeon 7750 2GB GDDR5 SFF Graphics Card, 4k 2 DisplayPort 1.2, PCIe, 7.1 Surround Sound, Included Full-Height Bracket (900942)",107.87,https://www.amazon.com/VisionTek-Products-900942-Radeon-Graphics/dp/B01N6SEXI5/ref=sr_1_244?keywords=graphics+card&qid=1662000028&sr=8-244
"SAPLOS NVIDIA GT 1030 2GB Graphics Card,GDDR5,64 Bit,DVI-D,HDMI,Desktop Video Card for PC Gaming,PCI Express x4,Computer GPU,Support 4K,Low Power",109.99,https://www.amazon.com/GeForce-Graphics-Display-Support-Computer/dp/B09PHKW4PM/ref=sr_1_85?keywords=graphics+card&qid=1661999966&sr=8-85
PNY GeForce GT 1030 2GB Graphic Card (VCGGT10302PB-BB),109.99,https://www.amazon.com/PNY-GeForce-1030-Graphic-Card/dp/B07YQHC12H/ref=sr_1_115?keywords=graphics+card&qid=1661999972&sr=8-115
PNY GeForce GT 1030 2GB Graphic Card (VCGGT10302PB-BB),109.99,https://www.amazon.com/PNY-GeForce-1030-Graphic-Card/dp/B07YQHC12H/ref=sr_1_131?keywords=graphics+card&qid=1661999978&sr=8-131
PNY GeForce GT 1030 2GB Graphic Card (VCGGT10302PB-BB),109.99,https://www.amazon.com/PNY-GeForce-1030-Graphic-Card/dp/B07YQHC12H/ref=sr_1_147?keywords=graphics+card&qid=1661999984&sr=8-147
"SAPLOS NVIDIA GT 1030 2GB Graphics Card,GDDR5,64 Bit,DVI-D,HDMI,Desktop Video Card for PC Gaming,PCI Express x4,Computer GPU,Support 4K,Low Power",109.99,https://www.amazon.com/GeForce-Graphics-Display-Support-Computer/dp/B09PHKW4PM/ref=sr_1_161?keywords=graphics+card&qid=1661999990&sr=8-161
"SAPLOS NVIDIA GT 1030 2GB Graphics Card,GDDR5,64 Bit,DVI-D,HDMI,Desktop Video Card for PC Gaming,PCI Express x4,Computer GPU,Support 4K,Low Power",109.99,https://www.amazon.com/GeForce-Graphics-Display-Support-Computer/dp/B09PHKW4PM/ref=sr_1_191?keywords=graphics+card&qid=1662000003&sr=8-191
"SAPLOS NVIDIA GT 1030 2GB Graphics Card,GDDR5,64 Bit,DVI-D,HDMI,Desktop Video Card for PC Gaming,PCI Express x4,Computer GPU,Support 4K,Low Power",109.99,https://www.amazon.com/GeForce-Graphics-Display-Support-Computer/dp/B09PHKW4PM/ref=sr_1_298?keywords=graphics+card&qid=1662000046&sr=8-298
"ZOTAC GeForce GT 710 1GB DDR3 PCIE x 1 , DVI, HDMI, VGA, Low Profile Graphic Card (ZT-71304-20L)",115.63,https://www.amazon.com/ZOTAC-GeForce-Profile-Graphic-ZT-71304-20L/dp/B01E9Z2D60/ref=sr_1_167?keywords=graphics+card&qid=1661999997&sr=8-167
VisionTek Radeon 5450 SFF 512MB DDR3 3M (3x DVI-D) Graphics Card - 900344,119.0,https://www.amazon.com/gp/goldbox/
MSI GAMING GeForce GT 1030 2GB GDRR4 64-bit HDCP Support DirectX 12 ITX OC Graphics Card (GT 1030 AERO ITX 2GD4 OC),119.9,https://www.amazon.com/MSI-1030-ITX-AERO-2GD4/dp/B07DQL13CM/ref=sr_1_217?keywords=graphics+card&qid=1662000015&sr=8-217
New ListingASUS GeForce GTX 1060 6GB GDDR5 Graphics Card G-Sync White (DUAL-GTX1060-O6G),120.0,https://www.ebay.com/itm/284950800890?epid=12021678758&hash=item42586429fa:g:4rIAAOSwFUFjEAr2&amdata=enc%3AAQAHAAAAoPwVmqHQmJdLpUI7usE7tVGk%2FJl0nHIs3U0%2FGoQt3ySG1f60x8x7AEdOOaw5W%2BtZFb9k7Bh6FVdtyka7Xwql4Jc8Gw1uUHNEAGajzih8MNwTYVvi7mwgQ4rr1fVEi2%2FTEltJUaQAukIKSB7Mm9%2BDmVVlN4C9BDrcL2Gco1h6e1wNuspwtiPTGj467q9K5RhjQqLsZH%2B%2B4VCCFekpyTXvaJM%3D%7Ctkp%3ABk9SR4KU4-7eYA
MSI Radeon RX 580 8GB GDDR5 Graphics Card (RX580ARMOR8GOC),125.0,https://www.ebay.com/itm/334414245012?epid=7026733721&hash=item4ddca46c94:g:Op0AAOSwi0diAdb-&amdata=enc%3AAQAHAAAAoJD%2Fj%2FVxUpL5RCDqWkuDd37ma1PZqcTmFWEKZ1GwpjRgmPnRve3rLaRFRcvvnxR6aJy5CGwyyxlV3a6ar%2FaVyMqEcIu11tmhkxw4DfVCUJMEFobqQT06Ezok%2FJopzBIOY6fMCHA1oJAp9ShIEFdMMd4MKOEmF6saACkZKtJVUexAp3OZJ4x2liWkfDaNoMr1iVvXPqvzAuRF3PmXAiuFOeI%3D%7Ctkp%3ABk9SR_qT4-7eYA
New ListingGIGABYTE Radeon RX 5600 XT 6GB GDDR6 Graphics Card (GV-R56XTGAMING OC-6GD),125.0,https://www.ebay.com/itm/134216187961?epid=10036416524&hash=item1f3fe88039:g:EjUAAOSwJTpjD61b&amdata=enc%3AAQAHAAAAoEMs7wWabQLSJzjUFAyZvgsmpLeFUQioyOjA5ByhwYjuVo5AdkgvT6cO1Zc1CQzeJcJ5G5tyl5fzAF%2BKLTqMwb0t%2FtYB01Bi3HfYcQaQdibzAIcfYQJAylOwQsdrYaDMkVeq9afEAEfU66KmonnAEgzKV4kMK%2FEsCU9mrxwa1gySittlaWNEQb5Hiokm3B0oIv4KxHtnt%2BjGkE6sXKXjR7o%3D%7Ctkp%3ABk9SR_6T4-7eYA
"VisionTek Radeon 7750 SFF 1GB DDR3 3M (2x HDMI, miniDP) Graphics Card - 900574",128.45,https://www.amazon.com/VisionTek-Radeon-7750-miniDP-Graphics/dp/B009ZQ5HW6/ref=sr_1_113?keywords=graphics+card&qid=1661999972&sr=8-113
Asus PH-GT1030-O2G GeForce GT 1030 2GB Phoenix Fan OC Edition HDMI DVI Graphics Card,129.0,https://www.amazon.com/ASUS-PH-GT1030-O2G-GeForce-Phoenix-Graphics/dp/B071JV26GH/ref=sr_1_233?keywords=graphics+card&qid=1662000021&sr=8-233
EVGA GeForce GT 1030 SC 2GB GDDR5 Low Profile Graphic Cards 02G-P4-6333-KR,129.99,https://www.amazon.com/EVGA-GeForce-Profile-Graphic-02G-P4-6333-KR/dp/B071LGVBDM/ref=sr_1_295?keywords=graphics+card&qid=1662000046&sr=8-295
Asus GeForce GT 1030 2GB GDDR5 HDMI DVI Graphics Card (GT1030-2G-CSM),130.34,https://www.amazon.com/ASUS-GeForce-GDDR5-Graphics-GT1030-2G-CSM/dp/B0716ZH99K/ref=sr_1_181?keywords=graphics+card&qid=1662000003&sr=8-181
PNY NVIDIA NVS 510 2GB GDDR3 4-Mini DisplayPort Low Profile PCI-Express Video Card VCNVS510DP-PB,139.99,https://www.amazon.com/PNY-DisplayPort-Profile-PCI-Express-VCNVS510DP-PB/dp/B009S2F268/ref=sr_1_122_mod_primary_new?keywords=graphics+card&qid=1661999978&sbo=RZvfv%2F%2FHxDF%2BO5021pAnSA%3D%3D&sr=8-122
New ListingEVGA GeForce RTX 2060 KO ULTRA GAMING 6 GB GDDR6 PCI Express 3.0 Graphics Card -,140.0,https://www.ebay.com/itm/255704184876?epid=14037693158&hash=item3b8928382c:g:1pgAAOSw8uNjEA0I&amdata=enc%3AAQAHAAAAoN%2BxWfzSAtO3Eh0BA9taE3EQgU3QCps5s3S97REuJdCHQbjH8R1BiP4OaMnwPfj3Ccp0UOjegldzV17O%2Bpq1H3jrIbMjQoVXvPzeNA6vo6rZRSJjNEsP8h4GjBh6HpM3Hso9KikF13BfCIwDPLl56ssaPc944Cxl472v%2Bqq1l56qLDa%2BnbDvEWQcQkBijAOQ1XlMJhmRuqbCPWt5Ed1tJ1M%3D%7Ctkp%3ABk9SR4SU4-7eYA
Nvidia Quadro M2000 4GB GDDR5 128-bit PCI Express 3.0 x16 Full Height Video Card (Renewed),143.62,https://www.amazon.com/Nvidia-128-bit-Express-Certified-Refurbished/dp/B07MW62553/ref=sr_1_301?keywords=graphics+card&qid=1662000046&sr=8-301
Graphics Card GTX 750 4GB 128Bit 5012mhz GDDR5 video card VGA Cards For  Geforce Game stronger than R7 350 2GB,154.99,https://www.newegg.com/p/1FT-00FX-00019?Item=9SIB601GWR7787&Description=graphics card&cm_re=graphics_card-_-9SIB601GWR7787-_-Product&cm_sp=SP-_-996084-_-0-_-0-_-9SIB601GWR7787-_-graphics card-_-card|graphic-_-1
"MAXSUN AMD Radeon RX 550 4GB GDDR5 ITX Computer PC Gaming Video Graphics Card GPU 128-Bit DirectX 12 PCI Express X16 3.0 DVI-D Dual Link, HDMI, DisplayPort",159.98,https://www.amazon.com/RX-550-Computer-Graphics-DisplayPort/dp/B08VHWFWSD/ref=sr_1_51?keywords=graphics+card&qid=1661999954&sr=8-51
"MAXSUN AMD Radeon RX 550 4GB GDDR5 ITX Computer PC Gaming Video Graphics Card GPU 128-Bit DirectX 12 PCI Express X16 3.0 DVI-D Dual Link, HDMI, DisplayPort",159.98,https://www.amazon.com/RX-550-Computer-Graphics-DisplayPort/dp/B08VHWFWSD/ref=sr_1_99?keywords=graphics+card&qid=1661999966&sr=8-99
"KAER AMD Radeon RX 550 4GB GDDR5 PC Gaming Video Graphics Card 3 Monitors of DP HDMI DVI-D 128-Bit DirectX 12 PCI Express 3.0 X8, 4K Gaming Computer Video Cards GPU",159.99,https://www.amazon.com/KAER-AMD-Radeon-RX-550/dp/B09NVX43NG/ref=sr_1_163?keywords=graphics+card&qid=1661999997&sr=8-163
"MAXSUN GEFORCE GT 1030 4GB GDDR4 Video Graphics Card GPU Mini ITX Design, HDMI, DVI-D, Single Fan Cooling System",159.99,https://www.amazon.com/GEFORCE-GT-1030-Graphics-Cooling/dp/B08ZCHF59L/ref=sr_1_205?keywords=graphics+card&qid=1662000009&sr=8-205
"SAPLOS Radeon RX 550 Low Profile Graphics Card, 4GB, GDDR5, 128-bit, VGA DVI-D HDMI, Video Card for PC Gaming, 4K Display, Computer GPU, for Desktop SFF Small Form Factor, DirectX 12, Low Power",159.99,https://www.amazon.com/SAPLOS-Radeon-RX-550-Graphics/dp/B09H5RTCWD/ref=sr_1_242?keywords=graphics+card&qid=1662000021&sr=8-242
"New ListingMSI GeForce GTX 1660 VENTUS XS 6G OC Graphics Card, PCI-E x16",159.99,https://www.ebay.com/itm/334548181844?epid=2302137312&hash=item4de4a02354:g:Lh4AAOSwnwVi3Evn&amdata=enc%3AAQAHAAAAoOJ85Wbq5%2Bp6mNN2DY9P%2FeW0UxJg%2F0x4kPdqUGGFhPj1wtTb6Y85H3ogZRr98FaUF40uG0gWotlf0YVWfSq4fq3vPoRiTi0LZM5SrP%2FgPf%2B36ecqG%2Fwb27PdWExMdbZLDlkIluUoYtHbTBVAmR1D8YNJtzbaHefq8bKTcgqJ5VdTDO58YGmSQ5FCTGqPv%2FF9Sly3OIMnKRxHiM9Splog3DY%3D%7Ctkp%3ABk9SR4SU4-7eYA
New ListingUsed NVidia Quadro P2000 5 GB Gddr5 Graphics Card HP Z4 - free shipping!,160.0,https://www.ebay.com/itm/295192573698?epid=11031744084&hash=item44bad93702:g:wdQAAOSw4otjC1eC&amdata=enc%3AAQAHAAAAoNs5CY1f9swgcS613YFreUtQG%2BlQJSqSQRzEIR%2FUs%2F7Na74C2P38htMZTRJkABzKKIUiMk8QZeAkUtwK0TP1r0KxgQ8X4q127znxHeWEMG7rnHFdy4lVdhJWCZc9HSFFMJIx3lp79wMHtJBmlOMQct%2FM01ifsR%2BK9UXu0p2oQcHqclypDl8xROqtqjpQ1wmgmL2CYie2YSanYsZTMOaWRGs%3D%7Ctkp%3ABk9SR4KU4-7eYA
PowerColor AMD Radeon RX 6400 Low Profile Graphics CardÂ with 4GB GDDR6 Memory,169.99,https://www.amazon.com/PowerColor-Radeon-6400-Profile-Graphics/dp/B09YTB3KH6/ref=sr_1_277?keywords=graphics+card&qid=1662000040&sr=8-277
New ListingMSI Gaming AMD Radeon RX 6600 XT MECH 2X 8GB OC Graphics Card,170.0,https://www.ebay.com/itm/155142507971?epid=19050528246&hash=item241f36cdc3:g:JZsAAOSwzdxjD9aq&amdata=enc%3AAQAHAAAAoG6Cf7dq1SOUhiRKgqaU6B6LS6IgN3Rg3bFewtBnFkAr1m534ZeIQYU4VRjzty2YY1Rgi2pO3QVKHyrvPbBlwy5QlfAU6C4FUdjwF5LVVye%2Bj6YCRtpS41cCyRUdEiQoWWKYs55bVbkec1xWDZDdnaeUiUJsogNgdvGUG93g3L2ujPX2GNp2hF%2FKbiRnU6IAaW8ZJNDErkk16MdFdOaAqkM%3D%7Ctkp%3ABk9SR_qT4-7eYA
New ListingEVGA GeForce GTX 1070 SC 8GB GDDR5 Graphics Card (08G-P4-6173-KR),170.0,https://www.ebay.com/itm/284950729325?epid=19025112561&hash=item425863126d:g:88AAAOSwwSRjD~iq&amdata=enc%3AAQAHAAAA4DbUaS99zuLjItxSWUxW0xSkf068KKA1La%2F4GnV4SobnJQFSb95rVz%2FbDQRV2WLeqeHM%2B%2FfHRJRiFlHLVzXQfrsrN0Qm2yfB7sgedkhaREuQDyo8dz21vBkVTdnH%2BpxA6Stw6MrSNDSppO3ghtlnM7c7hD5sCanANwcoqxx0eaULUI8zrtVr0zqf6CF10T0xaN9smEfANwiVMxNRVkGm%2B7cqGlFqbph8faoYp8G6kKt0DXGCFWy7msymVuEUaOA%2FfAnKG2OBH2CLsnu%2BDw5EkK6wLjoIKiwiEcol97a4vZFD%7Ctkp%3ABFBMhJTj7t5g
"XFX Speedster QICK210 Radeon RX 6500XT Black Gaming Graphics Card with 4GB GDDR6 HDMI , AMD RDNA 2 RX-65XT4DBDQ",179.99,https://www.amazon.com/XFX-Speedster-QICK210-Graphics-RX-65XT4DBDQ/dp/B09Q98KRTG/ref=sr_1_29?keywords=graphics+card&qid=1661999941&sr=8-29
PNY - NVIDIA GeForce GTX 1650 4GB GDDR6 PCI Express 3.0 Graphics Card with Dual Fan - Black,179.99,https://bestbuy.com/site/pny-nvidia-geforce-gtx-1650-4gb-gddr6-pci-express-3-0-graphics-card-with-dual-fan-black/6502683.p?skuId=6502683
GIGABYTE GeForce GTX 1630 4GB GDDR6 PCI Express 3.0 x16 Low Profile Video Card GV-N1630OC-4GL,179.99,https://www.newegg.com/gigabyte-geforce-gtx-1630-gv-n1630oc-4gl/p/N82E16814932549?Description=graphics card&cm_re=graphics_card-_-14-932-549-_-Product
MSI - AMD Radeon RX 6500 XT Mech 2X 4G OC - 4GB GDDR6 - PCI Express 4.0 - Graphics Card,182.99,https://bestbuy.com/site/msi-amd-radeon-rx-6500-xt-mech-2x-4g-oc-4gb-gddr6-pci-express-4-0-graphics-card/6497196.p?skuId=6497196
"MSI Computer Video Graphic Cards GeForce GTX 1050 TI GAMING X 4G, 4GB",184.99,https://www.amazon.com/MSI-GeForce-GTX-1050-TI/dp/B01MA62JSZ/ref=sr_1_16_mod_primary_new?keywords=graphics+card&qid=1661999935&sbo=RZvfv%2F%2FHxDF%2BO5021pAnSA%3D%3D&sr=8-16
"MSI Radeon RX 5600 XT Gaming MX 6GB GDDR6, 192-bit PCI Express 4.0 Graphics Card",189.0,https://www.ebay.com/itm/134205594407?hash=item1f3f46db27:g:vg8AAOSwKZ9iu1S2&amdata=enc%3AAQAHAAAAoD02OjhCA6%2FnHA4gCWPrEkQO3l0xZcE7n3l4TGVatAw0galXfpBrCTVEZ8WePVAdvWEcMcSQH%2FYzJmbgy04RW6VQ5K5R4ng78w%2BlSSWkywJ%2FDEQZdsTwWN1Au2vyMCUnB5wMhCAyFI%2BYxtT5sgAQpSz9woj2%2F%2BnhKUZu1wgawu3B1UI4EieciTxCr7Jp7lfxNgEzWCUk%2FJNbI6ncphquNzc%3D%7Ctkp%3ABk9SR4KU4-7eYA
"ZOTAC GAMING GeForce GTX 1650 OC 4GB GDDR6 128-bit Gaming Graphics Card, Super Compact, ZT-T16520F-10L",189.99,https://www.amazon.com/ZOTAC-GeForce-128-bit-Graphics-ZT-T16520F-10L/dp/B0881YZJ45/ref=sr_1_25?keywords=graphics+card&qid=1661999941&sr=8-25
ASUS GeForce GTX 1050 Ti 4GB Phoenix Fan Edition DVI-D HDMI DP 1.4 Gaming Graphics Card (PH-GTX1050TI-4G) Graphic Cards,189.99,https://www.amazon.com/ASUS-Geforce-Phoenix-Graphics-PH-GTX1050TI-4G/dp/B01M360WG6/ref=sr_1_32?keywords=graphics+card&qid=1661999941&sr=8-32
"Gigabyte GeForce GTX 1650 D6 OC 4G Graphics Card, 170mm Compact Size, 4GB 128-Bit GDDR6, GV-N1656OC-4GD REV2.0 Video Card",189.99,https://www.amazon.com/Gigabyte-GeForce-Graphics-Compact-GV-N1656OC-4GD/dp/B08BNRR5SJ/ref=sr_1_263?keywords=graphics+card&qid=1662000034&sr=8-263
ASUS NVIDIA GeForce GTX 1660 SUPER TUF 6GB OC GDDR6 Graphics Card Fast Ship,189.99,https://www.ebay.com/itm/115510206641?epid=2318581991&hash=item1ae4f1e0b1:g:AQQAAOSwH2ljDm9-&amdata=enc%3AAQAHAAAA4In%2F5YAbH9cOf4JoJ864M9av%2FuClv099WJahPFLsqpdrCiTRVrxV6%2FgYZnpLc%2BfEpSEm3BI0WgvX%2FBZoxxd3x0TI9FgMZ1LwHkAZrynEwpOpT9PCGRpYs4e9l56YTOut4Oum5rDfnHOqR9OB6Vg191RDHwZnrFLPXzMgOQkdywk9TrB6ggq4oMLjvOjgImRKdhfRKrttJuiJy%2B3uiS%2BrfuYtE6Mofrao9E2EbZVqfR6exMHGGFJCaak35%2FSYOCdDt3EiAtT%2Ffw%2FGLrbHt%2Brc51e0QsMbfSswOAC1gO4UbkEG%7Ctkp%3ABFBM_JPj7t5g
ASUS GeForce GTX 1650 4GB Phoenix Fan Overclocked Edition HDMI DP DVI Graphics Card (PH-GTX1650-O4G),193.99,https://www.amazon.com/ASUS-GeForce-Overclocked-Graphics-PH-GTX1650-O4G/dp/B07QJDT7GR/ref=sr_1_135?keywords=graphics+card&qid=1661999984&sr=8-135
ASUS GeForce GTX 1650 4GB Phoenix Fan Overclocked Edition HDMI DP DVI Graphics Card (PH-GTX1650-O4G),193.99,https://www.amazon.com/ASUS-GeForce-Overclocked-Graphics-PH-GTX1650-O4G/dp/B07QJDT7GR/ref=sr_1_174?keywords=graphics+card&qid=1661999997&sr=8-174
MSI GeForce GTX 1050 Ti Gaming graphics card with Twin Frozr VI cooling system,195.99,https://www.amazon.com/MSI-GeForce-Gaming-graphics-cooling/dp/B01MAZ357B/ref=sr_1_275?keywords=graphics+card&qid=1662000040&sr=8-275
ATI Radeon HD 5770 1GB PCIe x16 Video Card HDMI DisplayPort Dual-DVI 603498-001 HD5770,198.0,https://www.amazon.com/Radeon-DisplayPort-Dual-DVI-603498-001-HD5770/dp/B07F4S6MLN/ref=sr_1_179?keywords=graphics+card&qid=1661999997&sr=8-179
"EVGA GeForce GTX 1650 Super SC Ultra Gaming, 4GB GDDR6, Dual Fan, Metal Backplate, 04G-P4-1357-KR",198.49,https://www.amazon.com/EVGA-GeForce-Gaming-Backplate-04G-P4-1357-KR/dp/B081R425YH/ref=sr_1_159?keywords=graphics+card&qid=1661999990&sr=8-159
MSI G1650VXS4C Gaming GeForce GTX 1650 128-Bit HDMI/DP 4GB GDRR5 HDCP Support DirectX 12 VR Ready OC Graphics Card (GTX 1650 Ventus XS 4G OC),199.99,https://www.amazon.com/MSI-G1650VXS4C-GeForce-128-Bit-Graphics/dp/B07QPXT4NG/ref=sr_1_49?keywords=graphics+card&qid=1661999947&sr=8-49
"GIGABYTE Radeon RX 6500 XT Gaming OC 4G Graphics Card, WINDFORCE 3X Cooling System, 4GB 64-bit GDDR6, GV-R65XTGAMING OC-4GD Video Card",199.99,https://www.amazon.com/GIGABYTE-Graphics-WINDFORCE-GV-R65XTGAMING-OC-4GD/dp/B09QNQZMZR/ref=sr_1_99?keywords=graphics+card&qid=1661999972&sr=8-99
MSI Gaming GeForce GTX 1660 192-Bit HDMI/DP 6GB GDRR5 HDCP Support DirectX 12 Dual Fan VR Ready OC Graphics Card (GTX 1660 VENTUS XS 6G OC),199.99,https://www.amazon.com/MSI-GeForce-GTX-1660-OC/dp/B07PBLDV3D/ref=sr_1_119?keywords=graphics+card&qid=1661999978&sr=8-119
"GIGABYTE Radeon RX 6500 XT Gaming OC 4G Graphics Card, WINDFORCE 3X Cooling System, 4GB 64-bit GDDR6, GV-R65XTGAMING OC-4GD Video Card",199.99,https://www.amazon.com/GIGABYTE-Graphics-WINDFORCE-GV-R65XTGAMING-OC-4GD/dp/B09QNQZMZR/ref=sr_1_208?keywords=graphics+card&qid=1662000009&sr=8-208
New ListingPowerColor AMD Radeon RX 6600 Hellhound Graphics Card,199.99,https://www.ebay.com/itm/265862401005?epid=27048618975&hash=item3de6a24bed:g:Xb4AAOSwoe9iYevl&amdata=enc%3AAQAHAAAAoNNKm5%2F5tA1tKJwxs5BJp6BR6EjE46FkXE4M4%2BoQA61pHDRLnvoQ8Ktz0zCWA0NhJGeRRdBbXwZfgdujKCAJFZ74VAbR7lHbLm9qwUKoC3wEFbkaVKavdVY01J%2F96vNiSXCVHS%2Fs9sZxIYgVWdT%2FqVi%2FVhUNk6Qdo3Gbj96msf6pbi1VZwAf5DL1JUY7em2cPYx10IUVTHaF2aRmnyKSxW8%3D%7Ctkp%3ABk9SR4CU4-7eYA
New ListingASUS AMD Radeon RX Vega 56 8GB HBM2 Graphics Card (STRIX-RXVEGA56-O8G),200.0,https://www.ebay.com/itm/304615220554?hash=item46ec7b654a:g:zvcAAOSwMttjD84S&amdata=enc%3AAQAHAAAAoMB76OWXDcXGRrQPPfpELMBFlODfnfdNSJCLb5Pxv5uJxJZEFwQd5C6bv9nXuN9nTbz2tkbx%2B3hJ3oHe1l9ndNDhiSy1rD2FURl8S9YxLJIed6vNAgOW4YETkF1ivBgER3dXlx9zvg45lFzHxwl4Ks1iU4Fwy%2F%2BGn9L3HWQJ2uiB8KLNp58XPce%2FvfzkyU9r%2FTmnnScebdds6uQh6LnVYQo%3D%7Ctkp%3ABk9SR4CU4-7eYA
MSI Gaming GeForce GTX 1650 128-Bit HDMI/DP/DVI 4GB GDRR6 HDCP Support DirectX 12 VR Ready ITX Graphics Card (GTX 1650 D6 AERO ITX OCV1) (G165D6AIC1) (Renewed),205.65,https://www.amazon.com/MSI-GeForce-128-Bit-Graphics-G165D6AIC1/dp/B092B6X4P3/ref=sr_1_274?keywords=graphics+card&qid=1662000034&sr=8-274
Nvidia Quadro M4000 8GB GDDR5 256-bit PCI Express 3.0 x16 Full Height Video Card (Renewed),208.31,https://www.amazon.com/M4000-256-bit-Express-Certified-Refurbished/dp/B07P163DGH/ref=sr_1_291?keywords=graphics+card&qid=1662000046&sr=8-291
"ASUS Phoenix NVIDIA GeForce GTX 1650 OC Edition Gaming Graphics Card (PCIe 3.0, 4GB GDDR6 Memory, HDMI, DisplayPort, DVI-D, Axial-tech Fan Design)",208.94,https://www.amazon.com/ASUS-Phoenix-Graphics-DisplayPort-Axial-tech/dp/B08G5CH316/ref=sr_1_190?keywords=graphics+card&qid=1662000003&sr=8-190
"EVGA GeForce GTX 1660 SC Ultra Gaming, 06G-P4-1067-KR, 6GB GDDR5, Dual Fan",209.99,https://www.amazon.com/EVGA-GeForce-Ultra-Gaming-06G-P4-1067-KR/dp/B07RJGL33C/ref=sr_1_52?keywords=graphics+card&qid=1661999954&sr=8-52
"EVGA GeForce GTX 1660 SC Ultra Gaming, 06G-P4-1067-KR, 6GB GDDR5, Dual Fan",209.99,https://www.amazon.com/EVGA-GeForce-Ultra-Gaming-06G-P4-1067-KR/dp/B07RJGL33C/ref=sr_1_82?keywords=graphics+card&qid=1661999960&sr=8-82
"Sapphire 11314-01-20G Pulse AMD Radeon RX 6500 XT Gaming OC Graphics Card with 4GB GDDR6, AMD RDNA 2",209.99,https://www.amazon.com/Sapphire-11314-01-20G-Radeon-Gaming-Graphics/dp/B09PZJ2JNZ/ref=sr_1_243?keywords=graphics+card&qid=1662000021&sr=8-243
MAXSUN Geforce GTX 1650 4GB GDDR6 128-Bit Video Gaming Graphics Card GPU Dual Fan HDMI/DP/DVI HDCP DirectX 12 Metal Backplate,209.99,https://www.amazon.com/Geforce-GTX-1650-Graphics-Backplate/dp/B09K59NT37/ref=sr_1_308?keywords=graphics+card&qid=1662000046&sr=8-308
PNY - NVIDIA GeForce GTX 1660 SUPER 6GB GDDR6 PCI Express 3.0 Graphics Card with Dual Fan - Black,210.0,https://bestbuy.com/site/pny-nvidia-geforce-gtx-1660-super-6gb-gddr6-pci-express-3-0-graphics-card-with-dual-fan-black/6502681.p?skuId=6502681
"EVGA 06G-P4-1068-KR GeForce GTX 1660 Super Sc Ultra Gaming, 6GB GDDR6, Dual Fan, Metal Backplate",213.82,https://www.amazon.com/EVGA-GeForce-Gaming-Backplate-06G-P4-1068-KR/dp/B07ZHZL2JB/ref=sr_1_37?keywords=graphics+card&qid=1661999947&sr=8-37
MSI Gaming GeForce GTX 1650 128-Bit HDMI/DP/DVI 4GB GDRR6 HDCP Support DirectX 12 VR Ready OC Graphics Card (GTX 1650 D6 Ventus XS OCV1),213.99,https://www.amazon.com/MSI-GeForce-128-Bit-Support-Graphics/dp/B08J9CF57K/ref=sr_1_96?keywords=graphics+card&qid=1661999966&sr=8-96
MSI Gaming GeForce GTX 1650 128-Bit HDMI/DP/DVI 4GB GDRR6 HDCP Support DirectX 12 VR Ready OC Graphics Card (GTX 1650 D6 Ventus XS OCV1),213.99,https://www.amazon.com/MSI-GeForce-128-Bit-Support-Graphics/dp/B08J9CF57K/ref=sr_1_104?keywords=graphics+card&qid=1661999972&sr=8-104
MSI Gaming GeForce GTX 1650 128-Bit HDMI/DP/DVI 4GB GDRR6 HDCP Support DirectX 12 VR Ready OC Graphics Card (GTX 1650 D6 Ventus XS OCV1),213.99,https://www.amazon.com/MSI-GeForce-128-Bit-Support-Graphics/dp/B08J9CF57K/ref=sr_1_118?keywords=graphics+card&qid=1661999978&sr=8-118
"ASUS TUF Gaming NVIDIA GeForce GTX 1650 OC Edition Graphics Card (PCIe 3.0, 4GB GDDR6 Memory, HDMI, DisplayPort, DVI-D, 1x 6-pin Power Connector, IP5X Dust Resistance, Space-Grade Lubricant)",217.99,https://www.amazon.com/ASUS-DisplayPort-Connector-Resistance-Space-Grade/dp/B08G5CQMJ3/ref=sr_1_128?keywords=graphics+card&qid=1661999978&sr=8-128
"ASUS TUF Gaming NVIDIA GeForce GTX 1650 OC Edition Graphics Card (PCIe 3.0, 4GB GDDR6 Memory, HDMI, DisplayPort, DVI-D, 1x 6-pin Power Connector, IP5X Dust Resistance, Space-Grade Lubricant)",217.99,https://www.amazon.com/ASUS-DisplayPort-Connector-Resistance-Space-Grade/dp/B08G5CQMJ3/ref=sr_1_132?keywords=graphics+card&qid=1661999984&sr=8-132
"ASUS TUF Gaming NVIDIA GeForce GTX 1650 OC Edition Graphics Card (PCIe 3.0, 4GB GDDR6 Memory, HDMI, DisplayPort, DVI-D, 1x 6-pin Power Connector, IP5X Dust Resistance, Space-Grade Lubricant)",217.99,https://www.amazon.com/ASUS-DisplayPort-Connector-Resistance-Space-Grade/dp/B08G5CQMJ3/ref=sr_1_157?keywords=graphics+card&qid=1661999990&sr=8-157
MSI Gaming GeForce GTX 1650 128-Bit HDMI/DP/DVI 4GB GDRR6 HDCP Support DirectX 12 VR Ready OC ITX Graphics Card (GTX 1650 D6 AERO ITX OC),225.0,https://www.amazon.com/MSI-GTX-1650-ITX-AERO/dp/B086VQ6ZVT/ref=sr_1_231?keywords=graphics+card&qid=1662000021&sr=8-231
MSI Gaming GeForce GTX 1650 128-Bit HDMI/DP/DVI 4GB GDRR6 HDCP Support DirectX 12 VR Ready OC ITX Graphics Card (GTX 1650 D6 AERO ITX OC),225.0,https://www.amazon.com/MSI-GTX-1650-ITX-AERO/dp/B086VQ6ZVT/ref=sr_1_276?keywords=graphics+card&qid=1662000034&sr=8-276
SAPPHIRE PULSE Radeon RX 5700XT 8GB GDDR6 Graphics Card (MINING CARDs),225.0,https://www.ebay.com/itm/374189148742?hash=item571f694a46:g:xtEAAOSwHVJi3xMz&amdata=enc%3AAQAHAAAAoO1Yqsx0rOHT%2FnnmFsqUkQzGyAlXfaTvjPtJm1NBqERqIctQo1060qRNa0abpBhHSdVR1%2FJGmTPV0MhXLcVioWT8dnRDiK5UDftmibvJRg1Lc%2FLJSHb9PcVkU%2BH%2F0%2BB3sZGYaFf75ulN%2FWB0jewK0Cb7FkixvS5hv0fx2tEc73HtKHi%2BmEaBKrZqgOPdfYEH78uNTOTRqiSwIjh%2FtzF51rI%3D%7Ctkp%3ABk9SR_qT4-7eYA
MSI Ventus GeForce GTX 1660 SUPER 6GB GDDR6 PCI Express 3.0 x16 Video Card GTX 1660 SUPER VENTUS XS OC,229.99,https://www.newegg.com/msi-geforce-gtx-1660-super-gtx-1660-super-ventus-xs-oc/p/N82E16814137475?Description=graphics card&cm_re=graphics_card-_-14-137-475-_-Product
ASUS GeForce GTX 1650 Overclocked 4GB Dual-fan Edition HDMI DP 1.4 DVI Graphics Card (DUAL-GTX1650-O4G),237.0,https://www.newegg.com/asus-geforce-gtx-1650-dual-gtx1650-o4g/p/N82E16814126321?Description=graphics card&cm_re=graphics_card-_-14-126-321-_-Product
Gigabyte Geforce GTX 1050 Ti 4GB GDDR5 128 Bit PCI-E Graphic Card (GV-N105TD5-4GD),239.95,https://www.amazon.com/Gigabyte-Geforce-GDDR5-Graphic-GV-N105TD5-4GD/dp/B01M4KGTNI/ref=sr_1_100?keywords=graphics+card&qid=1661999966&sr=8-100
Asus GeForce GTX 1660 Super Overclocked 6GB Phoenix Fan Edition HDMI DP DVI Graphics Card (PH-GTX1660S-O6G),239.99,https://www.amazon.com/GeForce-Overclocked-Phoenix-Graphics-PH-GTX1660S-O6G/dp/B07ZGXG8GM/ref=sr_1_250?keywords=graphics+card&qid=1662000028&sr=8-250
"ZOTAC Gaming GeForce GTX 1660 Super 6GB GDDR6 192-bit Gaming Graphics Card, Super Compact, ZT-T16620F-10L",248.96,https://www.amazon.com/ZOTAC-GTX-1660-Graphics-ZT-T16620F-10L/dp/B07Z8PWC6R/ref=sr_1_93?keywords=graphics+card&qid=1661999966&sr=8-93
MSI RX 550 4GT LP OC Computer Graphics Cards,249.0,https://www.amazon.com/MSI-RX-550-4GT-LP/dp/B07DLTH1YT/ref=sr_1_232?keywords=graphics+card&qid=1662000021&sr=8-232
"EVGA 06G-P4-2068-KR GeForce RTX 2060 KO Ultra Gaming, 6GB GDDR6, Dual Fans, Metal Backplate",249.99,https://www.amazon.com/EVGA-06G-P4-2068-KR-GeForce-Gaming-Backplate/dp/B083GGYNQ6/ref=sr_1_15?keywords=graphics+card&qid=1661999935&sr=8-15
"EVGA GeForce RTX 2060 KO GAMING Video Card, 06G-P4-2066-KR, 6GB GDDR6, Dual Fans, Metal Backplate",249.99,https://www.newegg.com/evga-geforce-rtx-2060-06g-p4-2066-kr/p/N82E16814487488?Description=graphics card&cm_re=graphics_card-_-14-487-488-_-Product
"XFX Speedster SWFT 210 Radeon RX 6600 CORE Gaming Graphics Card with 8GB GDDR6 HDMI 3xDP, AMD RDNA 2 RX-66XL8LFDQ",250.82,https://www.amazon.com/XFX-Speedster-Radeon-Graphics-RX-66XL8LFDQ/dp/B09HHLX543/ref=sr_1_9?keywords=graphics+card&qid=1661999935&sr=8-9
MSI Gaming GeForce GTX 1660 Super 192-bit HDMI/DP 6GB GDRR6 HDCP Support DirectX 12 Dual Fan VR Ready OC Graphics Card (GTX 1660 Super VENTUS XS OC),251.0,https://www.amazon.com/MSI-GeForce-192-bit-Support-Graphics/dp/B07ZHDZ1K6/ref=sr_1_42?keywords=graphics+card&qid=1661999947&sr=8-42
ASRock Radeon RX 6600 8GB GDDR6 PCI Express 4.0 Video Card RX6600 CLD 8G,259.99,https://www.newegg.com/asrock-radeon-rx-6600-rx6600-cld-8g/p/N82E16814930066?Description=graphics card&cm_re=graphics_card-_-14-930-066-_-Product
"Gigabyte GeForce GTX 1650 OC Low Profile 4G Graphics Card, 2X Windforce Fans, 4GB 128-Bit GDDR5, Gv-N1650OC-4GL Video Card",264.99,https://www.amazon.com/Gigabyte-GeForce-Graphics-Windforce-Gv-N1650OC-4GL/dp/B081L3PSGK/ref=sr_1_212?keywords=graphics+card&qid=1662000009&sr=8-212
Nvidia GeForce RTX 2070 GDDR6 8GB PCIe Graphics Card RTX2070,269.0,https://www.ebay.com/itm/284903194382?hash=item42558dbf0e:g:se8AAOSwjNdiIDCH&amdata=enc%3AAQAHAAAA4DaijWHI%2BcLqqdUARH9dC2CXh7VldtbxKgS%2Br4L%2B0oSzOwm4GJSvtHTgwretELckmwszLryfMv3bTahISEXB3mBwG%2BUT6%2B9%2BcOntnBVeeJ%2FCpiYWmR3hW%2BiM20AT8vuAyQTX0l%2B9%2BYWGgT5zIeb1Bttr3M8dWH23mtCKypluZ8kNhBeNLeRQ5zsySOFMAJTkx7L8pJzyCsHcNrN%2FIAcd5tb1j0mukpvheAWPODkMXNHqEQtDjL5G7x2d5OMWj6%2F8f%2BFMd8cmupdZg1Qf9UvHwdR0CKDpTmQQPtRFK6yFqliS%7Ctkp%3ABk9SR_qT4-7eYA
XFX - SPEEDSTER SWFT210 AMD Radeon RX 6600 Core 8GB GDDR6 PCI Express 4.0 Gaming Graphics Card - Black,269.99,https://bestbuy.com/site/xfx-speedster-swft210-amd-radeon-rx-6600-core-8gb-gddr6-pci-express-4-0-gaming-graphics-card-black/6495949.p?skuId=6495949
XFX SPEEDSTER SWFT 210 Radeon RX 6600 8GB GDDR6 PCI Express 4.0 Video Card RX-66XL8LFDQ,269.99,https://www.newegg.com/xfx-radeon-rx-6600-rx-66xl8lfdq/p/N82E16814150864?Description=graphics card&cm_re=graphics_card-_-14-150-864-_-Product
MSI Mech Radeon RX 6600 8GB GDDR6 PCI Express 4.0 Video Card RX 6600 MECH 2X 8G,269.99,https://www.newegg.com/msi-radeon-rx-6600-mech-2x-8g/p/N82E16814137690?Description=graphics card&cm_re=graphics_card-_-14-137-690-_-Product
MSI Mech Radeon RX 6600 8GB Graphics Card PCI Express 4.0,269.99,https://www.ebay.com/itm/294832791559?epid=19050882303&hash=item44a5676007:g:i6sAAOSwo1hiRqXq&amdata=enc%3AAQAHAAAA4GrSut3hB%2BVscmVaRKG%2BIJK2LQDqfGzQdj94Cp%2BsPxBF%2B8RINOJ%2B74dBworKqLmC7xxToY%2F0blZ%2F8CmYyWPLqkEv6AOXgyHYNEJgdQqcfrmOVMsZwjEqgKxRp2hrXmGLYvrD6lM%2BGKvwjpgDzjK%2BUNXm6rmKJ28sKtR4ANlYxpCM9SFPHQj3q9Dszdrf2lqoa9DC991v7kOjy02o%2BEaOFUyoMbZ55oxzn7bXmHq8ljrp0NAIQPd44YnVXx19BpAMo2MIWm%2BFOu3u0eEzBgRlfpyhztcW3jhhB%2FB4Gq5pqrP%2B%7Ctkp%3ABk9SR_yT4-7eYA
New ListingPowerColor AMD Radeon RX 6600 XT Hellhound 8GB GDDR6 Graphics Card,270.0,https://www.ebay.com/itm/185560609972?epid=27048618975&hash=item2b344634b4:g:LhkAAOSwIIdi-9I~&amdata=enc%3AAQAHAAAAoDSyYnlU3Nbx88RCl7xRexaC0QDJBd2StqeYzMTEvg9fx2HNRmfDLYZvSepfanZmFu5sdTAL2gk5BqT%2B5gPeBx8Bs0PrEMeBt7cEJuuBQq5zusqIRl11wuuyeMOMNxZiFv4rG%2BHvb9JMf4V71G8Ot0kuyQMOvRgQHc7JqySvL5iIjp7txaEzXNs7KrrfONJe84DiRG%2BwYuPHJb%2B56G3wmNQ%3D%7Ctkp%3ABk9SR_6T4-7eYA
MSI Gaming GeForce GTX 1660 Super 192-bit HDMI/DP 6GB GDRR6 HDCP Support DirectX 12 Dual Fan VR Ready OC Graphics Card (GTX 1660 Super Gaming X),276.99,https://www.amazon.com/MSI-GeForce-192-bit-Support-Graphics/dp/B07ZK69HDK/ref=sr_1_55?keywords=graphics+card&qid=1661999954&sr=8-55
"EVGA GeForce RTX 2060 12GB XC Gaming, 12G-P4-2263-KR, 12GB GDDR6,Dual Fans, Metal Backplate",279.99,https://www.amazon.com/EVGA-GeForce-Gaming-12G-P4-2263-KR-Backplate/dp/B09NQ99NSR/ref=sr_1_3?keywords=graphics+card&qid=1661999935&sr=8-3
ASUS GeForce RTX 2060 Overclocked 6G GDDR6 Dual-Fan EVO Edition VR Ready HDMI DisplayPort DVI Graphics Card (DUAL-RTX2060-O6G-EVO),279.99,https://www.amazon.com/ASUS-Overclocked-Dual-Fan-DisplayPort-DUAL-RTX2060-O6G-EVO/dp/B07R18TH1X/ref=sr_1_39?keywords=graphics+card&qid=1661999947&sr=8-39
"EVGA GeForce RTX 2060 12GB XC Black Gaming, 12G-P4-2261-KR, 12GB GDDR6, Dual Fans, Metal Backplate",279.99,https://www.amazon.com/EVGA-GeForce-Gaming-12G-P4-2261-KR-Backplate/dp/B09NQB5VZV/ref=sr_1_66?keywords=graphics+card&qid=1661999954&sr=8-66
"Sapphire 11310-04-20G Pulse AMD Radeon RX 6600 LITE Edition HDMI DP Gaming Graphics Card with 8GB GDDR6, AMD RDNA 2",279.99,https://www.amazon.com/Sapphire-11310-04-20G-Radeon-Gaming-Graphics/dp/B09S1GCLYF/ref=sr_1_189?keywords=graphics+card&qid=1662000003&sr=8-189
ASUS GeForce RTX 2060 Overclocked 6G GDDR6 Dual-Fan EVO Edition VR Ready HDMI DisplayPort DVI Graphics Card (DUAL-RTX2060-O6G-EVO),279.99,https://www.newegg.com/asus-geforce-rtx-2060-dual-rtx2060-o6g-evo/p/N82E16814126349?Description=graphics card&cm_re=graphics_card-_-14-126-349-_-Product
Sapphire Pulse RX 6600 Gaming 8GB GDDR6 Graphics Card,279.99,https://www.ebay.com/itm/304353489049?hash=item46dce1b099:g:yh0AAOSwmXxiBkcW&amdata=enc%3AAQAHAAAA4CuQKp6KBasJ3yWuCmiW9CAEtnA1XDrd9ABKZ0VzDWQayEu1CY2iI7agkr59E4Bv4%2FEiV5Xuf%2F7bQCHMPAle5eAou8TUvgmJcxwMVn%2F2NhO5Jo1E0jkXrpwz7MBMwtobOLXIGv5OiqKwy6NWxkPDRXAvHeBiEym%2FGG6bQ03pdjQYJKs1irYUe8XMq3NWrleLflAOhqJFOG2vBFoTwyt%2B1DBtXjZ%2BReygRqgWxb6nibag1VxEJ0IzLdX3W%2FV4Bn6G1aCqaVxTDmDxUvksH129GXReBZC5hfkEYjGbdP3n5LtR%7Ctkp%3ABk9SR_6T4-7eYA
"Sapphire 11310-01-20G Pulse AMD Radeon RX 6600 Gaming Graphics Card with 8GB GDDR6, AMD RDNA 2",282.99,https://www.amazon.com/Sapphire-Technology-11310-01-20G-Radeon-Graphics/dp/B09JHRQY4Y/ref=sr_1_100?keywords=graphics+card&qid=1661999972&sr=8-100
New ListingMSI GeForce RTX 3060 VENTUS 2X 12G OC DDR6 Gaming Graphics Card,285.0,https://www.ebay.com/itm/284950707386?epid=10047115507&hash=item425862bcba:g:Xu4AAOSwsTBjD~HP&amdata=enc%3AAQAHAAAA4LkC7nJFvWoXyfkFS4liuYJkFjshWJJMpcqYTZVbGtHZRn9F6Wr9RXt1cO25oVn5cKJ%2B%2BEnYql6E7QuI5iz%2BhpxM1cTBDuphJ7krtGAZwtbwdLQDuq9ZAP72YtnIVQYWuWBIIm0P6lBc4YwwQJAlz7SfCI5880G6ZfQYMkcoYBS5oK%2F0314H5U8e2OIo13efUiqJ%2BfXtG99MA1IXdb%2Blz5TH6%2Bhhqa%2B7y9vEfarVuYtg2ufOhZhaSMAuX1DRLmjbfslzRWC%2BP%2Fo6ycVou8Y2MuEPa5zcr5%2BQ2CFf2CH%2Fg9VG%7Ctkp%3ABk9SR_yT4-7eYA
SAPPHIRE PULSE Radeon RX 5700XT 8GB GDDR6 PCIExpress 4.0 x16 ATX Graphics Card,285.0,https://www.ebay.com/itm/374166171543?hash=item571e0aaf97:g:y04AAOSwkUpixLh1&amdata=enc%3AAQAHAAAA4GASjcqLPUyDmfjrs6RrgVF9iAUp3synxQTbWjcwqAwxPiKEha2nLTy8LSd1%2Fk%2B9aLXI2dFxBquy%2Bts0eHYX2YzukxTlBA%2BFLhiUBMmwPcmfJHmco4%2BJgsf%2BmSXqGgVpFiMIEhZkK7nvE9DoRlukRA6OAuFuQESD19aYEmwYegXiwvXY9SAeeBIUTWK46KTUdvbYmevhTCq2OYULYIzHb4u8fSygcmScoRJuTPxo9EbHD0v4y%2F4zeY8ZLdGUKStRE4uGL38QlWTMquQU5TkqZyYoZJ5DWorGMHThWnKsHYk%2B%7Ctkp%3ABFBMgJTj7t5g
ASUS GeForce GTX 1660 Super Overclocked 6GB Dual-Fan Evo Edition VR Ready HDMI DisplayPort DVI Graphics Card (DUAL-GTX1660S-O6G-EVO),287.0,https://www.amazon.com/Overclocked-Dual-Fan-DisplayPort-Graphics-DUAL-GTX1660S-O6G-EVO/dp/B07ZHWQ81N/ref=sr_1_211?keywords=graphics+card&qid=1662000009&sr=8-211
ASUS GeForce GTX 1660 Super Overclocked 6GB Dual-Fan Evo Edition VR Ready HDMI DisplayPort DVI Graphics Card (DUAL-GTX1660S-O6G-EVO),287.0,https://www.amazon.com/Overclocked-Dual-Fan-DisplayPort-Graphics-DUAL-GTX1660S-O6G-EVO/dp/B07ZHWQ81N/ref=sr_1_211?keywords=graphics+card&qid=1662000015&sr=8-211
MSI Gaming GeForce RTX 2060 6GB GDRR6 192-bit HDMI/DP 1710 MHz Boost Clock Ray Tracing Turing Architecture VR Ready Graphics Card (RTX 2060 Ventus GP OC),289.99,https://www.amazon.com/MSI-GeForce-RTX-2060-VENTUS/dp/B091PVFYXM/ref=sr_1_225?keywords=graphics+card&qid=1662000015&sr=8-225
"GIGABYTE GeForce RTX 3050 EAGLE OC 8G Graphics Card, 2x WINDFORCE Fans, 8GB GDDR6 128-bit GDDR6, GV-N3050EAGLE OC-8GD Video Card",289.99,https://www.newegg.com/gigabyte-geforce-rtx-3050-gv-n3050eagle-oc-8gd/p/N82E16814932498?Description=graphics card&cm_re=graphics_card-_-14-932-498-_-Product
"GIGABYTE Radeon RX 6600 EAGLE 8G Graphics Card, WINDFORCE 3X Cooling System, 8GB 128-bit GDDR6, GV-R66EAGLE-8GD Video Card",299.99,https://www.newegg.com/gigabyte-radeon-rx-6600-gv-r66eagle-8gd/p/N82E16814932481?Description=graphics card&cm_re=graphics_card-_-14-932-481-_-Product
MSI Ventus GeForce RTX 3050 8GB GDDR6 PCI Express 4.0 Video Card RTX 3050 Ventus 2X 8G OC,299.99,https://www.newegg.com/msi-geforce-rtx-3050-rtx-3050-ventus-2x-8g-oc/p/N82E16814137708?Description=graphics card&cm_re=graphics_card-_-14-137-708-_-Product
MSI NVIDIA GeForce RTX 3080 Ti - 12GB GDDR6X Graphics Card,300.0,https://www.ebay.com/itm/314125852296?hash=item49235c1e88:g:zTUAAOSw97djCiQ4&amdata=enc%3AAQAHAAAAoKZu8Z9V80QrucwPqiv353A6rQuocTY%2BNbgz2PREBriCbqft79J7AUuhxJLfs9xaDBr7LmnJH8J8mLmlFxb3TVxVx7sV0xTytsp4F4Cg1fVKnMAHeCXVMyHPz5PJpruixC6cZGTlNkACyivMJ4Jw%2BLaQcN6z3E%2Fu8lBLFHjRMz0yYZ4IpGIE8XvqTOae7IDlf7yk%2FfWMpfT%2B%2FYJYeYCyaPU%3D%7Ctkp%3ABk9SR4CU4-7eYA
MSI Gaming AMD Radeon RX 6600 128-bit 8GB GDDR6 DP/HDMI Dual Torx Fans FreeSync DirectX 12 VR Ready Graphics Card (RX 6600 MECH 2X 8G),303.58,https://www.amazon.com/MSI-Radeon-RX-6600-MECH/dp/B09HXLMG2L/ref=sr_1_30?keywords=graphics+card&qid=1661999941&sr=8-30
MSI Gaming AMD Radeon RX 6600 128-bit 8GB GDDR6 DP/HDMI Dual Torx Fans FreeSync DirectX 12 VR Ready Graphics Card (RX 6600 MECH 2X 8G),303.58,https://www.amazon.com/MSI-Radeon-RX-6600-MECH/dp/B09HXLMG2L/ref=sr_1_40?keywords=graphics+card&qid=1661999947&sr=8-40
"[REFURBISHED]MSI GeForce RTX 3060 VENTUS 2X 12G OC Graphics Card, PCI-E Gen 4",309.99,https://www.ebay.com/itm/325324034365?epid=5044602417&hash=item4bbed2d13d:g:r3cAAOSwjRViDSxy&amdata=enc%3AAQAHAAAAoLL64Jt22Fs2JMCVBfb6I5GKn9wzKOVaYKknTu%2BsWaVmAPAuWBdYdluVJNm7JmjfKSfyrptjcRsp5ObVxtBSroSq%2BOt3vzooVN%2BH0OPDUSXMf35zg%2FkTGP1nJ1PMV3z4NLy0b5DBHHMNZpjW%2F4y2nFlburpzl8uiP%2Fp65%2Fy7b7xxGckMTuMnWoZGW3d1ioFOTGNaNPs6L5twfKhMpcNuyr0%3D%7Ctkp%3ABk9SR_qT4-7eYA
New ListingAORUS GeForce RTX 3070 Master 8G 8GB GDDR6 Graphics Card (GV-N3070AORUS M-8GD),311.0,https://www.ebay.com/itm/125491536247?epid=19045898425&hash=item1d37e0e177:g:ns4AAOSwr2FjD9TX&amdata=enc%3AAQAHAAAAoD1FvTTMf162Oj6eBj2h7VbF39fQr9VEMrHv7OQUAaB1BRelBgKndHfuqhaO2iilMRdEYkaEVvgiXe4xABhIxz6oqipK3zyQu1OJudbFsxP5BAHESYgGRcSuX7wNW%2FNraZ6IOufr6Z%2BgqVn8g48nbYv1scrZzGKuio0HtFUiNRdvdWg2hmx%2FQ%2Fcmv29JnMst9YKBv5mitjGRr1OF9y%2FDGt0%3D%7Ctkp%3ABk9SR4KU4-7eYA
New ListingNVIDIA GeForce RTX 3060 Ti Founders Edition 8GB GDDR6 Graphics Card,315.0,https://www.ebay.com/itm/385091879988?epid=17043327583&hash=item59a943c434:g:XtYAAOSwuxJf9GCu&amdata=enc%3AAQAHAAAAoHwLkPTTLRLLrbK6Vh17qrJ3k0vybmh21UReAz7fPAgcHFL6g6fHqj12odgk9Q0%2Fu0UO68emfBg9n7CDG%2B3yiGN2ggVj431Xee6NiE8%2FdLnZjhtZT2aFCOp4%2BiQJn5rFOke7EvSJOwLQtiJN6u0CW2v3DT9Npyo1kwidmqtcgcIWe3a0p5VskUY7XOZUazy3FehV50Vn%2BdqKTdOneYS5rnk%3D%7Ctkp%3ABk9SR_yT4-7eYA
"Gigabyte Gv-N1660OC-6GD GeForce GTX 1660 OC 6G Graphics Card, 2X Windforce Fans, 6GB 192-Bit GDDR5, Video Card",318.99,https://www.amazon.com/Gigabyte-GeForce-Graphics-Windforce-Gv-N1660OC-6GD/dp/B07P76G428/ref=sr_1_247?keywords=graphics+card&qid=1662000028&sr=8-247
MSI Gaming GeForce RTX 3050 8GB GDRR6 128-Bit HDMI/DP PCIe 4 Torx Twin Fans Ampere OC Graphics Card (RTX 3050 Ventus 2X 8G OC),319.99,https://www.amazon.com/MSI-GeForce-RTX-3050-OC/dp/B09Q9SX3NY/ref=sr_1_21?keywords=graphics+card&qid=1661999941&sr=8-21
MSI Gaming GeForce RTX 3050 8GB GDDR6 128-Bit HDMI/DP PCIe 4 Torx Twin Fans Ampere OC Graphics Card (RTX 3050 Gaming X 8G),319.99,https://www.amazon.com/MSI-GeForce-RTX-3050-8G/dp/B09QB28Y5M/ref=sr_1_46?keywords=graphics+card&qid=1661999947&sr=8-46
MSI Gaming AMD Radeon RX 6600 XT 128-bit 8GB GDDR6 DP/HDMI Dual Torx Fans FreeSync DirectX 12 VR Ready OC Graphics Card (RX 6600 XT MECH 2X 8G OC),319.99,https://www.amazon.com/MSI-RX-6600-XT-MECH/dp/B09BK8NCPB/ref=sr_1_88?keywords=graphics+card&qid=1661999966&sr=8-88
MSI Gaming GeForce RTX 3050 8GB GDDR6 PCI Express 4.0 Video Card RTX 3050 Gaming X 8G,319.99,https://www.newegg.com/msi-geforce-rtx-3050-rtx-3050-gaming-x-8g/p/N82E16814137707?Description=graphics card&cm_re=graphics_card-_-14-137-707-_-Product
"ZOTAC Gaming GeForce RTX 3050 Twin Edge OC 8GB GDDR6 128-bit 14 Gbps PCIE 4.0 Gaming Graphics Card, IceStorm 2.0 Advanced Cooling, Freeze Fan Stop, Active Fan Control, ZT-A30500H-10M",329.99,https://www.amazon.com/ZOTAC-Graphics-IceStorm-Advanced-ZT-A30500H-10M/dp/B09R2NWCV1/ref=sr_1_4?keywords=graphics+card&qid=1661999935&sr=8-4
"EVGA GeForce RTX 3050 XC Gaming, 08G-P5-3553-KR, 8GB GDDR6, Dual-Fan, Metal Backplate",329.99,https://www.amazon.com/EVGA-GeForce-08G-P5-3553-KR-Dual-Fan-Backplate/dp/B09QLCFNRV/ref=sr_1_67?keywords=graphics+card&qid=1661999954&sr=8-67
PNY - NVIDIA GeForce RTX 3050 8GB GDDR6 PCI Express 4.0 Graphics Card with Dual Fan - Black,329.99,https://bestbuy.com/site/pny-nvidia-geforce-rtx-3050-8gb-gddr6-pci-express-4-0-graphics-card-with-dual-fan-black/6510164.p?skuId=6510164
"GIGABYTE GeForce RTX 3050 Gaming OC 8G Graphics Card, 3X WINDFORCE Fans, 8GB GDDR6 128-bit GDDR6, GV-N3050GAMING OC-8GD Video Card",332.99,https://www.amazon.com/GIGABYTE-Graphics-WINDFORCE-GV-N3050GAMING-OC-8GD/dp/B09QVPMGYV/ref=sr_1_14?keywords=graphics+card&qid=1661999935&sr=8-14
"GIGABYTE GeForce RTX 3050 Gaming OC 8G Graphics Card, 3X WINDFORCE Fans, 8GB GDDR6 128-bit GDDR6, GV-N3050GAMING OC-8GD Video Card",332.99,https://www.amazon.com/GIGABYTE-Graphics-WINDFORCE-GV-N3050GAMING-OC-8GD/dp/B09QVPMGYV/ref=sr_1_20?keywords=graphics+card&qid=1661999941&sr=8-20
"GIGABYTE GeForce RTX 3050 GAMING OC 8G Graphics Card, 3x WINDFORCE Fans, 8GB GDDR6 128-bit GDDR6, GV-N3050GAMING OC-8GD Video Card",334.99,https://www.newegg.com/gigabyte-geforce-rtx-3050-gv-n3050gaming-oc-8gd/p/N82E16814932496?Description=graphics card&cm_re=graphics_card-_-14-932-496-_-Product
"ASUS Dual NVIDIA GeForce RTX 3050 OC Edition Gaming Graphics Card - PCIe 4.0, 8GB GDDR6 Memory, HDMI 2.1, DisplayPort 1.4a, 2-Slot Design, Axial-tech Fan Design, 0dB Technology, Steel Bracket",339.0,https://www.amazon.com/ASUS-NVIDIA-GeForce-Gaming-Graphics/dp/B09R9L6J71/ref=sr_1_31_mod_primary_new?keywords=graphics+card&qid=1661999941&sbo=RZvfv%2F%2FHxDF%2BO5021pAnSA%3D%3D&sr=8-31
"XFXÂ Speedster QICK308 Â RadeonÂ RXÂ 6650XT UltraÂ Gaming Graphics Card withÂ 8GB GDDR6 HDMI 3xDP, AMD RDNA 2 RX-665X8LUDY",339.99,https://www.amazon.com/XFX-Speedster-Radeon-RX-6650XT-Ultra-Gaming-Graphics-RX-665X8LUDY/dp/B09ZFBKR9Z/ref=sr_1_199?keywords=graphics+card&qid=1662000009&sr=8-199
New ListingZOTAC GAMING GeForce RTX 3060 Twin Edge OC 12GB GDDR6 Graphics Card. Non LHR,350.0,https://www.ebay.com/itm/363964233361?epid=7044628097&hash=item54bdf57691:g:Bl0AAOSwOS5jD6SM&amdata=enc%3AAQAHAAAAoG5dQjXmX5t%2BTNUUVCf65mZw6ice2FvlBiCTDe1AQvLr%2F5wKl3H6WiVi7anyYaeX2q3N1002Rl1LrECk2kmMJ67i%2B6hYi3yeTbyk81x5RxV7xqrfySdN6AQvmoCcZnjusB8K02s753EVACpsBF7JrHMmNg%2BYeYJ7FktojAMhlfjf2VPb%2FH3KxogaXTnYCsyDOp0tNfzFZh2LS4wXZqVLUL4%3D%7Ctkp%3ABk9SR4KU4-7eYA
NVIDIA Quadro K5000 4GB GDDR5 Graphics card (PNY Part #: VCQK5000-PB),379.99,https://www.amazon.com/NVIDIA-Quadro-K5000-Graphics-PNY/dp/B009L8E4UO/ref=sr_1_222?keywords=graphics+card&qid=1662000015&sr=8-222
"MSI GeForce RTX 3060 VENTUS 3X 12G OC Graphics Card, PCI-E Gen 4",379.99,https://www.ebay.com/itm/325155843011?epid=18045664186&hash=item4bb4cc6bc3:g:tEIAAOSwdzthrbBZ&amdata=enc%3AAQAHAAAAoLObDKh6l7EgeYGZLcBS1oUKlqj%2FfouDO0RGhqAPEM0nHYQAJl2%2FN97mjXyNDKOlOOvyjzPINjRMzBcdyPj9oQrUoQ39lFr9Oy5YU5oSNt0xlqTURRzZyw8z9X9DW2C6V3mJHAUsbJhSfFkYIgIo3nmUgdHkCRxR5Axx%2F3OadKkqyWfoHEnLhsLDRXiQkCgS3rQNeRwkN%2FqcbMqmOA75Qeg%3D%7Ctkp%3ABk9SR_6T4-7eYA
GIGABYTE Eagle OC GeForce RTX 3060 12GB GDDR6 PCI Express 4.0 ATX Video Card GV-N3060EAGLE OC-12GD (rev. 2.0) (LHR),388.99,https://www.newegg.com/gigabyte-geforce-rtx-3060-gv-n3060eagle-oc-12gd/p/N82E16814932434?Description=graphics card&cm_re=graphics_card-_-14-932-434-_-Product
PowerColor Hellhound Spectral White AMD Radeon RX 6650 XT Graphics CardÂ with 8GB GDDR6 Memory,389.99,https://www.amazon.com/PowerColor-Hellhound-Spectral-Radeon-Graphics/dp/B09ZDKD4XB/ref=sr_1_105?keywords=graphics+card&qid=1661999972&sr=8-105
PowerColor Hellhound Spectral White AMD Radeon RX 6650 XT Graphics CardÂ with 8GB GDDR6 Memory,389.99,https://www.amazon.com/PowerColor-Hellhound-Spectral-Radeon-Graphics/dp/B09ZDKD4XB/ref=sr_1_176?keywords=graphics+card&qid=1661999997&sr=8-176
MSI - NVIDIA GeForce RTX 3060 Ventus 3X 12G OC - 12GB GDDR6 - PCI Express 4.0 - Graphics Card - Black,389.99,https://bestbuy.com/site/msi-nvidia-geforce-rtx-3060-ventus-3x-12g-oc-12gb-gddr6-pci-express-4-0-graphics-card-black/6452940.p?skuId=6452940
MSI Gaming GeForce RTX 2060 126GB GDRR6 192-bit HDMI/DP 1680 MHz Boost Clock Ray Tracing Turing Architecture VR Ready Graphics Card (RTX 2060 Ventus 12G OC),397.83,https://www.amazon.com/MSI-GeForce-RTX-2060-12G/dp/B09QGLC9SK/ref=sr_1_162_mod_primary_new?keywords=graphics+card&qid=1661999990&sbo=RZvfv%2F%2FHxDF%2BO5021pAnSA%3D%3D&sr=8-162
New ListingZotac NVIDIA GeForce RTX 3060 TI AMP White Edition 8GB GDDR6 Graphics Card,399.0,https://www.ebay.com/itm/304615427700?epid=22049300767&hash=item46ec7e8e74:g:dn0AAOSwzNZjEBUc&amdata=enc%3AAQAHAAAAoLtBwfGhQX3XkQuz8Pr83qolDiUdvaplhRRhAxVpdF4A%2BTV1o5YJQKAGPNTLVNWO93vzz%2BZscV6i1kcO7KmhictEInL7FSCEVpwJ%2FD4r5jOs5LWEjNJGtsC49k0nFD%2B%2FJeQvcsH93LlpaS45%2FKC6N2EVxg3J1b1Vx%2BcvZoCZonQs2%2FUYt3FYcppAvyY7HsLO0fbwi4tf0%2FBiCZGrNt0jU2A%3D%7Ctkp%3ABk9SR_6T4-7eYA
NVIDIA GeForce RTX 3060 Ti 8GB GDDR6 PCI Express 4.0 Graphics Card - Steel and Black,399.99,https://bestbuy.com/site/nvidia-geforce-rtx-3060-ti-8gb-gddr6-pci-express-4-0-graphics-card-steel-and-black/6439402.p?skuId=6439402
"GIGABYTE GeForce RTX 3060 Gaming OC 12G (REV2.0) Graphics Card, 3X WINDFORCE Fans, 12GB 192-bit GDDR6, GV-N3060GAMING OC-12GD REV2.0 Video Card",419.99,https://www.amazon.com/GIGABYTE-REV2-0-WINDFORCE-GV-N3060GAMING-OC-12GD/dp/B0971BG25M/ref=sr_1_10?keywords=graphics+card&qid=1661999935&sr=8-10
GIGABYTE - NVIDIA GeForce RTX 3060 12GB GDDR6 PCI Express 4.0 Graphics Card,419.99,https://bestbuy.com/site/gigabyte-nvidia-geforce-rtx-3060-12gb-gddr6-pci-express-4-0-graphics-card/6468931.p?skuId=6468931
"ZOTAC Gaming GeForce RTX 3060 Twin Edge OC 12GB GDDR6 192-bit 15 Gbps PCIE 4.0 Gaming Graphics Card, IceStorm 2.0 Cooling, Active Fan Control, Freeze Fan Stop ZT-A30600H-10M",425.78,https://www.amazon.com/ZOTAC-GeForce-Graphics-IceStorm-ZT-A30600H-10M/dp/B08W8DGK3X/ref=sr_1_5?keywords=graphics+card&qid=1661999935&sr=8-5
"XFX Speedster SWFT309 AMD Radeon RX 6700 XT CORE Gaming Graphics Card with 12GB GDDR6 HDMI 3xDP, AMD RDNA 2 RX-67XTYJFDV",430.82,https://www.amazon.com/XFX-Speedster-SWFT309-Graphics-RX-67XTYJFDV/dp/B08YKCC8XD/ref=sr_1_45?keywords=graphics+card&qid=1661999947&sr=8-45
"XFX Speedster SWFT309 AMD Radeon RX 6700 XT CORE Gaming Graphics Card with 12GB GDDR6 HDMI 3xDP, AMD RDNA 2 RX-67XTYJFDV",430.82,https://www.amazon.com/XFX-Speedster-SWFT309-Graphics-RX-67XTYJFDV/dp/B08YKCC8XD/ref=sr_1_61?keywords=graphics+card&qid=1661999954&sr=8-61
Yeston RTX 3060 12GB GDDR6 LHR Graphics cards Nvidia pci express x16 4.0 Desktop computer PC video gaming graphics card,439.0,https://www.newegg.com/yeston-geforce-rtx-3060-ti-rtx-3060ti/p/1FT-007N-00068?Description=graphics card&cm_re=graphics_card-_-9SIAZUEHCK6637-_-Product
New ListingNVIDIA GeForce RTX 3070 Founders Edition FE 8GB GDDR6 Graphics Card - Used,440.0,https://www.ebay.com/itm/234679850994?epid=15041887013&hash=item36a40257f2:g:uVQAAOSwYXxjDTDL&amdata=enc%3AAQAHAAAAoLVd2hgKnxpBwisXus%2BiP9UkguTEIqti4sjZldTydmnJTRLhzG5jkBoTc6BNXxMK%2B6jPOH9K46T%2BPlmSv3Tkx9zen4hRFSLyaIi9XFzKnCWJkc60YwpJoo93cpWzQTyHpAf3C7rfHCmlneGZymtiMA1ekvFlPW4xiHguG7qOC%2B5mGdFs%2B1dwGC6Abom3qTA%2FSiiHsLweahOAySkvGMiR30I%3D%7Ctkp%3ABk9SR_yT4-7eYA
"GIGABYTE GeForce RTX 3060 Vision OC 12G (REV2.0) Graphics Card, 3X WINDFORCE Fans, 12GB 192-bit GDDR6, GV-N3060VISION OC-12GD REV2.0 Video Card",444.01,https://www.amazon.com/GIGABYTE-REV2-0-WINDFORCE-GV-N3060VISION-OC-12GD/dp/B0971BRCM4/ref=sr_1_18?keywords=graphics+card&qid=1661999935&sr=8-18
"GIGABYTE GeForce RTX 3060 Vision OC 12G (REV2.0) Graphics Card, 3X WINDFORCE Fans, 12GB 192-bit GDDR6, GV-N3060VISION OC-12GD REV2.0 Video Card",444.01,https://www.amazon.com/GIGABYTE-REV2-0-WINDFORCE-GV-N3060VISION-OC-12GD/dp/B0971BRCM4/ref=sr_1_33?keywords=graphics+card&qid=1661999941&sr=8-33
"EVGA GeForce RTX 3060 XC Gaming, 12G-P5-3657-KR, 12GB GDDR6, Dual-Fan, Metal Backplate",447.87,https://www.amazon.com/EVGA-GeForce-12G-P5-3657-KR-Dual-Fan-Backplate/dp/B08WM28PVH/ref=sr_1_98?keywords=graphics+card&qid=1661999966&sr=8-98
"GIGABYTE AORUS GeForce RTX 3060 Elite 12G (REV2.0) Graphics Card, 3X WINDFORCE Fans, 12GB 192-bit GDDR6, GV-N3060AORUS E-12GD REV2.0 Video Card",449.99,https://www.amazon.com/GIGABYTE-REV2-0-Graphics-WINDFORCE-GV-N3060AORUS/dp/B09719T6FT/ref=sr_1_13?keywords=graphics+card&qid=1661999935&sr=8-13
"GIGABYTE AORUS GeForce RTX 3060 Elite 12G (REV2.0) Graphics Card, 3X WINDFORCE Fans, 12GB 192-bit GDDR6, GV-N3060AORUS E-12GD REV2.0 Video Card",449.99,https://www.amazon.com/GIGABYTE-REV2-0-Graphics-WINDFORCE-GV-N3060AORUS/dp/B09719T6FT/ref=sr_1_19?keywords=graphics+card&qid=1661999941&sr=8-19
"PowerColor Red Devil AMD Radeon RX 6700 XT Gaming Graphics Card with 12GB GDDR6 Memory, Powered by AMD RDNA 2, Raytracing, PCI Express 4.0, HDMI 2.1, AMD Infinity Cache",449.99,https://www.amazon.com/PowerColor-Graphics-Powered-Raytracing-Infinity/dp/B08Y934HZQ/ref=sr_1_48?keywords=graphics+card&qid=1661999947&sr=8-48
"PowerColor Red Devil AMD Radeon RX 6700 XT Gaming Graphics Card with 12GB GDDR6 Memory, Powered by AMD RDNA 2, Raytracing, PCI Express 4.0, HDMI 2.1, AMD Infinity Cache",449.99,https://www.amazon.com/PowerColor-Graphics-Powered-Raytracing-Infinity/dp/B08Y934HZQ/ref=sr_1_56?keywords=graphics+card&qid=1661999954&sr=8-56
"ASUS KO NVIDIA GeForce RTX 3060 V2 OC Edition 12GB GDDR6 Gaming Graphics Card (PCIe 4.0, 12GB GDDR6 memory, LHR, HDMI 2.1, DisplayPort 1.4a, Axial-tech Fan Design, 0dB technology, Enduring capacitors)",449.99,https://www.amazon.com/ASUS-DisplayPort-Axial-tech-technology-capacitors/dp/B09TJNT782/ref=sr_1_286?keywords=graphics+card&qid=1662000040&sr=8-286
XFX - Speedster SWFT309 AMD Radeon RX 6700XT 12GB GDDR6 PCI Express 4.0 Gaming Graphics Card - Black,449.99,https://bestbuy.com/site/xfx-speedster-swft309-amd-radeon-rx-6700xt-12gb-gddr6-pci-express-4-0-gaming-graphics-card-black/6513905.p?skuId=6513905
"XFX Speedster QICK319 AMD Radeon RX 6700 XT Black Gaming Graphics Card with 12GB GDDR6 HDMI 3xDP, AMD RDNA 2 RX-67XTYPBDP",459.99,https://www.amazon.com/XFX-Speedster-QICK319-Graphics-RX-67XTYPBDP/dp/B091ZKN2RV/ref=sr_1_102?keywords=graphics+card&qid=1661999972&sr=8-102
"Sapphire 11306-02-20G Pulse AMD Radeon RX 6700 XT Gaming Graphics Card with 12GB GDDR6, AMD RDNA 2",459.99,https://www.amazon.com/Sapphire-Technology-Radeon-Graphics-11306-02-20G/dp/B08YNQ4ZM1/ref=sr_1_121?keywords=graphics+card&qid=1661999978&sr=8-121
"Sapphire 11306-02-20G Pulse AMD Radeon RX 6700 XT Gaming Graphics Card with 12GB GDDR6, AMD RDNA 2",459.99,https://www.amazon.com/Sapphire-Technology-Radeon-Graphics-11306-02-20G/dp/B08YNQ4ZM1/ref=sr_1_148?keywords=graphics+card&qid=1661999990&sr=8-148
"XFX Speedster MERC319 Radeon RX 6750XT Black Gaming Graphics Card with 12GB GDDR6 HDMI 3xDP, AMD RDNA 2 RX-675XYTBDP",469.0,https://www.amazon.com/XFX-Speedster-MERC319-Graphics-RX-675XYTBDP/dp/B09ZHZZ6YH/ref=sr_1_72?keywords=graphics+card&qid=1661999960&sr=8-72
"ZOTAC Gaming GeForce RTXâ„¢ 3060 Ti Twin Edge OC LHR 8GB GDDR6 256-bit 14 Gbps PCIE 4.0 Gaming Graphics Card, IceStorm 2.0 Advanced Cooling, Active Fan Control, Freeze Fan Stop ZT-A30610H-10MLHR",469.99,https://www.amazon.com/ZOTAC-Graphics-IceStorm-Advanced-ZT-A30610H-10MLHR/dp/B097YW4FW9/ref=sr_1_8?keywords=graphics+card&qid=1661999935&sr=8-8
MSI Ventus GeForce RTX 3060 Ti 8GB GDDR6 PCI Express 4.0 Video Card RTX 3060 Ti VENTUS 2X 8G OCV1 LHR,469.99,https://www.newegg.com/msi-geforce-rtx-3060-ti-rtx-3060-ti-ventus-2x-8g-ocv1-lhr/p/N82E16814137673?Description=graphics card&cm_re=graphics_card-_-14-137-673-_-Product
"ASUS ROG Strix NVIDIA GeForce RTX 3060 V2 OC Edition Gaming Graphics Card (PCIe 4.0, 12GB GDDR6, HDMI 2.1, DisplayPort 1.4a, Axial-tech Fan Design, 2.7-Slot, Super Alloy Power II, GPU Tweak II)",480.0,https://www.amazon.com/ASUS-Graphics-DisplayPort-Axial-tech-2-7-Slot/dp/B0985Z47C8/ref=sr_1_19?keywords=graphics+card&qid=1661999935&sr=8-19
"ASUS ROG Strix NVIDIA GeForce RTX 3060 V2 OC Edition Gaming Graphics Card (PCIe 4.0, 12GB GDDR6, HDMI 2.1, DisplayPort 1.4a, Axial-tech Fan Design, 2.7-Slot, Super Alloy Power II, GPU Tweak II)",480.0,https://www.amazon.com/ASUS-Graphics-DisplayPort-Axial-tech-2-7-Slot/dp/B0985Z47C8/ref=sr_1_34?keywords=graphics+card&qid=1661999941&sr=8-34
MSI Gaming GeForce RTX 3060 Ti LHR 8GB GDRR6 256-Bit HDMI/DP Nvlink Torx Fan 3 Ampere Architecture OC Graphics Card (RTX 3060 Ti Ventus 2X 8G OCV1 LHR),489.99,https://www.amazon.com/MSI-GeForce-RTX-3060-OCV1/dp/B099N59B14/ref=sr_1_120?keywords=graphics+card&qid=1661999978&sr=8-120
MSI Gaming GeForce RTX 3060 Ti LHR 8GB GDRR6 256-Bit HDMI/DP Nvlink Torx Fan 3 Ampere Architecture OC Graphics Card (RTX 3060 Ti Ventus 2X 8G OCV1 LHR),489.99,https://www.amazon.com/MSI-GeForce-RTX-3060-OCV1/dp/B099N59B14/ref=sr_1_145?keywords=graphics+card&qid=1661999984&sr=8-145
ASUS ROG Strix GeForce RTX 3060 12GB GDDR6 PCI Express 4.0 Video Card ROG-STRIX-RTX3060-O12G-V2-GAMING,489.99,https://www.newegg.com/asus-geforce-rtx-3060-rog-strix-rtx3060-o12g-v2-gaming/p/N82E16814126522?Description=graphics card&cm_re=graphics_card-_-14-126-522-_-Product
MSI Gaming GeForce RTX 3060 Ti LHR 8GB GDRR6 256-Bit HDMI/DP Nvlink Torx Fan 4 RGB Ampere Architecture OC Graphics Card (RTX 3060 Ti Gaming X 8G LHR),499.0,https://www.amazon.com/MSI-GeForce-RTX-3060-LHR/dp/B0995TBTLS/ref=sr_1_150?keywords=graphics+card&qid=1661999990&sr=8-150
Yeston RTX 3060 12GB GDDR6 LHR Graphics cards Nvidia pci express x16 4.0 Desktop computer PC video gaming graphics card,499.0,https://www.newegg.com/yeston-geforce-rtx-3060-ti-rtx-3060ti/p/1FT-007N-00069?Description=graphics card&cm_re=graphics_card-_-9SIAZUEHCM8909-_-Product
MSI Gaming GeForce RTX 3060 12GB 15 Gbps GDRR6 192-Bit HDMI/DP PCIe 4 Twin-Frozr Torx Fan Ampere RGB OC Graphics Card (RTX 3060 Gaming X 12G),499.99,https://www.amazon.com/MSI-GeForce-RTX-3060-12G/dp/B08WPJ5P4R/ref=sr_1_7?keywords=graphics+card&qid=1661999935&sr=8-7
"ZOTAC GAMING GeForce RTXâ„¢ 3060 AMP White Edition 12GB GDDR6 192-bit 15 Gbps PCIE 4.0 Gaming Graphics Card, IceStorm 2.0 Cooling, Active Fan Control, Freeze Fan Stop ZT-A30600F-10P",499.99,https://www.amazon.com/ZOTAC-GAMING-Graphics-IceStorm-ZT-A30600F-10P/dp/B09256CTT3/ref=sr_1_41?keywords=graphics+card&qid=1661999947&sr=8-41
"ASUS KO NVIDIA GeForce RTX 3060 Ti V2 OC Edition 8GB GDDR6 Gaming Graphics Card- PCIe 4.0, 8GB GDDR6 memory, LHR, HDMI 2.1, DisplayPort 1.4a, Axial-tech Fan Design, 0dB technology, Enduring capacitors",499.99,https://www.amazon.com/ASUS-DisplayPort-Axial-tech-technology-capacitors/dp/B09CBQYXLN/ref=sr_1_296?keywords=graphics+card&qid=1662000046&sr=8-296
MSI - NVIDIA GeForce RTX 3060 Ti VENTUS3X 8G OC LHR - 8GB GDDR6 - PCI Express 4.0 - Graphic Card - Black,509.99,https://bestbuy.com/site/msi-nvidia-geforce-rtx-3060-ti-ventus3x-8g-oc-lhr-8gb-gddr6-pci-express-4-0-graphic-card-black/6480307.p?skuId=6480307
"ZOTAC Gaming GeForce RTX 3070 Twin Edge OC Low Hash Rate 8GB GDDR6 256-bit 14 Gbps PCIE 4.0 Gaming Graphics Card, IceStorm 2.0 Advanced Cooling, White LED Logo Lighting, ZT-A30700H-10PLHR",533.92,https://www.amazon.com/ZOTAC-Graphics-IceStorm-Advanced-ZT-A30700H-10PLHR/dp/B097YY2NL2/ref=sr_1_79?keywords=graphics+card&qid=1661999960&sr=8-79
"ZOTAC Gaming GeForce RTX 3070 Twin Edge OC Low Hash Rate 8GB GDDR6 256-bit 14 Gbps PCIE 4.0 Gaming Graphics Card, IceStorm 2.0 Advanced Cooling, White LED Logo Lighting, ZT-A30700H-10PLHR",533.92,https://www.amazon.com/ZOTAC-Graphics-IceStorm-Advanced-ZT-A30700H-10PLHR/dp/B097YY2NL2/ref=sr_1_86?keywords=graphics+card&qid=1661999966&sr=8-86
MSI Gaming GeForce RTX 3070 LHR 8GB GDRR6 256-Bit HDMI/DP Nvlink Torx Fan 4 RGB Ampere Architecture OC Graphics Card (RTX 3070 Gaming Z Trio 8G LHR),539.99,https://www.amazon.com/MSI-GeForce-RTX-3070-Architecture/dp/B097MYTZMW/ref=sr_1_154?keywords=graphics+card&qid=1661999990&sr=8-154
"GIGABYTE GeForce RTX 3070 Gaming OC 8G (REV2.0) Graphics Card, 3X WINDFORCE Fans, LHR, 8GB 256-bit GDDR6, GV-N3070GAMING OC-8GD REV2.0 Video Card",543.99,https://www.amazon.com/GIGABYTE-REV2-0-WINDFORCE-GV-N3070GAMING-OC-8GD/dp/B098Q4M4WH/ref=sr_1_20?keywords=graphics+card&qid=1661999935&sr=8-20
GIGABYTE Gaming OC GeForce RTX 3070 8GB GDDR6 PCI Express 4.0 ATX Video Card GV-N3070GAMING OC-8GD (rev. 2.0) (LHR),543.99,https://www.newegg.com/gigabyte-geforce-rtx-3070-gv-n3070gaming-oc-8gd/p/N82E16814932449?Description=graphics card&cm_re=graphics_card-_-14-932-449-_-Product
MSI Gaming Radeon RX 6800 16GB GDRR6 256-Bit HDMI/DP 2105 MHz RDNA 2 Architecture OC Graphics Card (RX 6800 Gaming X Trio 16G),549.99,https://www.amazon.com/MSI-Radeon-6800-Architecture-16G/dp/B08RHQC4KQ/ref=sr_1_253?keywords=graphics+card&qid=1662000028&sr=8-253
GIGABYTE Vision OC GeForce RTX 3070 8GB GDDR6 PCI Express 4.0 ATX Video Card GV-N3070VISION OC-8GD (rev. 2.0) (LHR),559.99,https://www.newegg.com/gigabyte-geforce-rtx-3070-gv-n3070vision-oc-8gd/p/N82E16814932450?Description=graphics card&cm_re=graphics_card-_-14-932-450-_-Product
"GIGABYTE AORUS GeForce RTX 3060 Ti Elite 8G (REV2.0) Graphics Card, 3X WINDFORCE Fans, LHR, 8GB 256-bit GDDR6, GV-N306TAORUS E-8GD REV2.0 Video Card",566.0,https://www.amazon.com/GIGABYTE-REV2-0-Graphics-WINDFORCE-GV-N306TAORUS/dp/B09C43DLXG/ref=sr_1_142?keywords=graphics+card&qid=1661999984&sr=8-142
Sapphire 11305-02-20G Pulse AMD Radeon RX 6800 PCIe 4.0 Gaming Graphics Card with 16GB GDDR6,573.84,https://www.amazon.com/Sapphire-11305-02-20G-Radeon-Gaming-Graphics/dp/B08NXYBVDB/ref=sr_1_63?keywords=graphics+card&qid=1661999954&sr=8-63
Sapphire 11305-02-20G Pulse AMD Radeon RX 6800 PCIe 4.0 Gaming Graphics Card with 16GB GDDR6,573.84,https://www.amazon.com/Sapphire-11305-02-20G-Radeon-Gaming-Graphics/dp/B08NXYBVDB/ref=sr_1_152?keywords=graphics+card&qid=1661999990&sr=8-152
"EVGA GeForce RTX 3070 XC3 Black Gaming, 08G-P5-3751-KL, 8GB GDDR6, iCX3 Cooling, ARGB LED, LHR",578.65,https://www.amazon.com/EVGA-GeForce-Gaming-08G-P5-3751-KL-Cooling/dp/B099LZYKXF/ref=sr_1_146?keywords=graphics+card&qid=1661999984&sr=8-146
"EVGA GeForce RTX 3070 XC3 Black Gaming, 08G-P5-3751-KL, 8GB GDDR6, iCX3 Cooling, ARGB LED, LHR",578.65,https://www.amazon.com/EVGA-GeForce-Gaming-08G-P5-3751-KL-Cooling/dp/B099LZYKXF/ref=sr_1_285?keywords=graphics+card&qid=1662000040&sr=8-285
Yeston Radeon RX 6700 XT 12GB D6 GDDR6 192bit 7nm Desktop computer PC Video Graphics Cards support PCI-Express 4.0 3*DP+1*HDMI-compatible   RGB light effect Fragrant graphics card,579.0,https://www.newegg.com/yeston-rx6800-16gd6-ya/p/27N-0042-000B8?Description=graphics card&cm_re=graphics_card-_-9SIAZUEFG03135-_-Product
"PowerColor Red Dragon AMD Radeonâ„¢ RX 6800 Gaming Graphics card with 16GB GDDR6 memory, powered by AMD RDNAâ„¢ 2, Raytracing, PCI Express 4.0, HDMI 2.1, AMD Infinity Cache",579.99,https://www.amazon.com/PowerColor-Graphics-Powered-Raytracing-Infinity/dp/B08P2C8XXH/ref=sr_1_57?keywords=graphics+card&qid=1661999954&sr=8-57
"PowerColor Red Dragon AMD Radeonâ„¢ RX 6800 Gaming Graphics card with 16GB GDDR6 memory, powered by AMD RDNAâ„¢ 2, Raytracing, PCI Express 4.0, HDMI 2.1, AMD Infinity Cache",579.99,https://www.amazon.com/PowerColor-Graphics-Powered-Raytracing-Infinity/dp/B08P2C8XXH/ref=sr_1_68?keywords=graphics+card&qid=1661999960&sr=8-68
"PowerColor Red Dragon AMD Radeonâ„¢ RX 6800 Gaming Graphics card with 16GB GDDR6 memory, powered by AMD RDNAâ„¢ 2, Raytracing, PCI Express 4.0, HDMI 2.1, AMD Infinity Cache",579.99,https://www.amazon.com/PowerColor-Graphics-Powered-Raytracing-Infinity/dp/B08P2C8XXH/ref=sr_1_87?keywords=graphics+card&qid=1661999966&sr=8-87
PNY - NVIDIA GeForce RTX 3070 8GB GDDR6 PCI Express 4.0 Graphics Card with Triple Fan,579.99,https://bestbuy.com/site/pny-nvidia-geforce-rtx-3070-8gb-gddr6-pci-express-4-0-graphics-card-with-triple-fan/6505083.p?skuId=6505083
"ASUS ROG Strix NVIDIA GeForce RTX 3060 Ti V2 OC Edition Gaming Graphics Card (PCIe 4.0, 8GB GDDR6, LHR, HDMI 2.1, DisplayPort 1.4a, Axial-tech Fan Design, 2.9-slot, Super Alloy Power II, GPU Tweak II)",596.75,https://www.amazon.com/ASUS-Graphics-DisplayPort-Axial-tech-2-9-slot/dp/B09CC2TXG9/ref=sr_1_287?keywords=graphics+card&qid=1662000040&sr=8-287
"ZOTAC GAMING GeForce RTXâ„¢ 3070 Twin Edge OC White Edition LHR 8GB GDDR6 256-bit 14 Gbps PCIE 4.0 Gaming Graphics Card, IceStorm 2.0 Advanced Cooling, White LED Logo Lighting, ZT-A30700J-10PLHR",599.99,https://www.amazon.com/RTX3070-ZT-A30700J-10PLHR-GeForce-Hashrate-Graphics/dp/B09G5Y1QGP/ref=sr_1_160?keywords=graphics+card&qid=1661999990&sr=8-160
"ZOTAC GAMING GeForce RTXâ„¢ 3070 Twin Edge OC White Edition LHR 8GB GDDR6 256-bit 14 Gbps PCIE 4.0 Gaming Graphics Card, IceStorm 2.0 Advanced Cooling, White LED Logo Lighting, ZT-A30700J-10PLHR",599.99,https://www.amazon.com/RTX3070-ZT-A30700J-10PLHR-GeForce-Hashrate-Graphics/dp/B09G5Y1QGP/ref=sr_1_206?keywords=graphics+card&qid=1662000009&sr=8-206
"ZOTAC GAMING GeForce RTXâ„¢ 3070 Twin Edge OC White Edition LHR 8GB GDDR6 256-bit 14 Gbps PCIE 4.0 Gaming Graphics Card, IceStorm 2.0 Advanced Cooling, White LED Logo Lighting, ZT-A30700J-10PLHR",599.99,https://www.amazon.com/RTX3070-ZT-A30700J-10PLHR-GeForce-Hashrate-Graphics/dp/B09G5Y1QGP/ref=sr_1_264?keywords=graphics+card&qid=1662000034&sr=8-264
NVIDIA - GeForce RTX 3070 Ti 8GB GDDR6X PCI Express 4.0 Graphics Card - Dark Platinum and Black,599.99,https://bestbuy.com/site/nvidia-geforce-rtx-3070-ti-8gb-gddr6x-pci-express-4-0-graphics-card-dark-platinum-and-black/6465789.p?skuId=6465789
"EVGA GeForce RTX 3070 FTW3 ULTRA GAMING Video Card, 08G-P5-3767-KL, 8GB GDDR6, iCX3 Technology, ARGB LED, Metal Backplate, LHR",599.99,https://www.newegg.com/evga-geforce-rtx-3070-08g-p5-3767-kl/p/N82E16814487544?Description=graphics card&cm_re=graphics_card-_-14-487-544-_-Product
"ASUS TUF Gaming NVIDIA GeForce RTX 3070 V2 OC Edition Graphics Card (PCIe 4.0, 8GB GDDR6, LHR, HDMI 2.1 , DisplayPort 1.4a, Dual Ball Fan Bearings, Military-Grade Certification, GPU Tweak II)",626.99,https://www.amazon.com/ASUS-Graphics-DisplayPort-Military-Grade-Certification/dp/B09865Q9GS/ref=sr_1_246?keywords=graphics+card&qid=1662000028&sr=8-246
"ASUS KO NVIDIA GeForce RTX 3070 V2 OC Edition 8GB GDDR6 Gaming Graphics Card (PCIe 4.0, 8GB GDDR6 Memory, LHR, HDMI 2.1, DisplayPort 1.4a, Axial-tech Fan Design, 0dB Technology, Enduring capacitors)",629.99,https://www.amazon.com/ASUS-DisplayPort-Axial-tech-Technology-capacitors/dp/B09CC36XXC/ref=sr_1_177?keywords=graphics+card&qid=1661999997&sr=8-177
"GIGABYTE AORUS GeForce RTX 3070 Master 8G (REV2.0) Graphics Card, 3X WINDFORCE Fans, 8GB 256-bit GDDR6, GV-N3070AORUS M-8GD REV2.0 Video Card",639.99,https://www.amazon.com/GIGABYTE-REV2-0-WINDFORCE-GV-N3070AORUS-M-8GD/dp/B09B2W2ZQ3/ref=sr_1_71?keywords=graphics+card&qid=1661999960&sr=8-71
"ZOTAC Gaming GeForce RTXâ„¢ 3070 Ti Trinity OC 8GB GDDR6X 256-bit 19 Gbps PCIE 4.0 Gaming Graphics Card, IceStorm 2.0 Advanced Cooling, Spectra 2.0 RGB Lighting, ZT-A30710J-10P",639.99,https://www.amazon.com/ZOTAC-Graphics-IceStorm-Advanced-ZT-A30710J-10P/dp/B09CML48LD/ref=sr_1_80?keywords=graphics+card&qid=1661999960&sr=8-80
"PowerColor Red Dragon AMD Radeonâ„¢ RX 6800 XT Gaming Graphics Card with 16GB GDDR6 Memory, Powered by AMD RDNAâ„¢ 2, Raytracing, PCI Express 4.0, HDMI 2.1, AMD Infinity Cache",639.99,https://www.amazon.com/PowerColor-Graphics-Powered-Raytracing-Infinity/dp/B08V1WK4LB/ref=sr_1_97?keywords=graphics+card&qid=1661999966&sr=8-97
"GIGABYTE AORUS GeForce RTX 3070 Master 8G (REV2.0) Graphics Card, 3X WINDFORCE Fans, 8GB 256-bit GDDR6, GV-N3070AORUS M-8GD REV2.0 Video Card",639.99,https://www.amazon.com/GIGABYTE-REV2-0-WINDFORCE-GV-N3070AORUS-M-8GD/dp/B09B2W2ZQ3/ref=sr_1_112?keywords=graphics+card&qid=1661999972&sr=8-112
MSI Gaming GeForce RTX 3070 Ti 8GB GDRR6X 256-Bit HDMI/DP Nvlink Tri-Frozr 2 Ampere Architecture OC Graphics Card (RTX 3070 Ti Ventus 3X 8G OC),644.99,https://www.amazon.com/MSI-GeForce-RTX-3070-Architecture/dp/B096HQC9Y5/ref=sr_1_248?keywords=graphics+card&qid=1662000028&sr=8-248
"GIGABYTE GeForce RTX 3070 Ti Gaming OC 8G Graphics Card, WINDFORCE 3X Cooling System, 8GB 256-bit GDDR6X, GV-N307TGAMING OC-8GD Video Card",649.99,https://www.amazon.com/GIGABYTE-Graphics-WINDFORCE-GV-N307TGAMING-OC-8GD/dp/B097G7RBSZ/ref=sr_1_83?keywords=graphics+card&qid=1661999960&sr=8-83
MSI - NVIDIA GeForce RTX 3070 Ti VENTUS 3X OC 8GB GDDR6 PCI Express 4.0 Graphics Card,649.99,https://bestbuy.com/site/msi-nvidia-geforce-rtx-3070-ti-ventus-3x-oc-8gb-gddr6-pci-express-4-0-graphics-card/6467500.p?skuId=6467500
XFX Speedster MERC319 AMD Radeon RX 6800 XT CORE Gaming Graphics Card with 16GB GDDR6 HDMI 3xDP RX-68XTALFD9,659.99,https://www.amazon.com/XFX-Speedster-MERC319-Graphics-RX-68XTALFD9/dp/B08TJ2BHCQ/ref=sr_1_65?keywords=graphics+card&qid=1661999954&sr=8-65
New ListingGIGABYTE GeForce RTX 3080 VISION OC 10GB GDDR6X Graphics Card,674.95,https://www.ebay.com/itm/204081807916?epid=24041879365&hash=item2f8439422c:g:-noAAOSwR01jEAQd&amdata=enc%3AAQAHAAAAoNsMP0ffu8cHvCH%2Bf92Oat5EQ9ToWo4kPRibZE6%2FIOnzVrkAl%2FAu%2B9WT1ntPwp9qXDvV%2FRQPZWP1%2BdBdAkQs9Uh5zxHDpm%2BYR2R7M7vY6XvyEpEvm1fYy8XSVV0TRhm6i91W%2F8JGGEsJuom8AZloNtLPacknYiWuDCuLOon6UOZRK2yZgG9PRxF0Seq%2BGbcEJ0tC8UhwOipIP9gzf1A%2F1HY%3D%7Ctkp%3ABk9SR4CU4-7eYA
"ASUS TUF Gaming NVIDIA GeForce RTX 3070 Ti OC Edition Graphics Card (PCIe 4.0, 8GB GDDR6X, HDMI 2.1, DisplayPort 1.4a, Dual Ball Fan Bearings, Military-Grade Certification, GPU Tweak II)",676.76,https://www.amazon.com/ASUS-Graphics-DisplayPort-Military-Grade-Certification/dp/B096YPLGHG/ref=sr_1_26?keywords=graphics+card&qid=1661999941&sr=8-26
EVGA - NVIDIA GeForce RTX 3070 Ti FTW3 ULTRA GAMING 8GB GDDR6X PCI Express 4.0 Graphics Card LHR,679.99,https://bestbuy.com/site/evga-nvidia-geforce-rtx-3070-ti-ftw3-ultra-gaming-8gb-gddr6x-pci-express-4-0-graphics-card-lhr/6474593.p?skuId=6474593
XFX - Speedster MERC319 AMD Radeon RX 6800 XT CORE 16GB GDDR6 PCI Express 4.0 Gaming Graphics Card - Black,679.99,https://bestbuy.com/site/xfx-speedster-merc319-amd-radeon-rx-6800-xt-core-16gb-gddr6-pci-express-4-0-gaming-graphics-card-black/6453268.p?skuId=6453268
"GIGABYTE AMD Radeon RX 6800 XT Gaming OC 16G Graphics Card, 16GB of GDDR6 Memory, Powered by AMD RDNA 2, HDMI 2.1, WINDFORCE 3X Cooling System, GV-R68XTGAMING OC-16GD",684.99,https://www.amazon.com/GIGABYTE-Graphics-Powered-WINDFORCE-GV-R68XTGAMING/dp/B08PFX6PZ6/ref=sr_1_81?keywords=graphics+card&qid=1661999960&sr=8-81
Sapphire 11304-03-20G Pulse AMD Radeon RX 6800 XT PCIe 4.0 Gaming Graphics Card with 16GB GDDR6,699.99,https://www.amazon.com/Sapphire-11304-03-20G-Radeon-Gaming-Graphics/dp/B08NXYNLMR/ref=sr_1_64?keywords=graphics+card&qid=1661999954&sr=8-64
ASUS TUF Gaming GeForce RTX 3070 Ti 8GB GDDR6X PCI Express 4.0 Video Card TUF-RTX3070TI-O8G-GAMING,699.99,https://www.newegg.com/asus-geforce-rtx-3070-ti-tuf-rtx3070ti-o8g-gaming/p/N82E16814126512?Description=graphics card&cm_re=graphics_card-_-14-126-512-_-Product
"ASRock RX 6900 XT PHANTOM Graphics Card 16GB GDDR6, AMD RDNA2 (R",699.99,https://www.ebay.com/itm/384436034985?epid=24043528394&hash=item59822c5da9:g:W28AAOSwqeliKqBE&amdata=enc%3AAQAHAAAA4NL86wxmgRzl0O2i0Rvrxgyz1%2BAXeH9YdamIwp%2FK7Wf7OUlf79hlg9UhNo37Aw%2BHkWhcIhKD7Yy1CckTZgyzsuj0FzKmeM7OqYxUnRYrUqZIk%2FAHQYtBHy%2FQjs6u%2BATklppMICtuAIOkd8K310af97YIO5xcsvvc%2B3JmYbyWwsHIgjBRiLsptMD1kF3kRAswcVowWBzfJhtTpEzyIKoZGGIGq4mT77493%2Bsi2qCEkwnsm4xz1EyBYh0m%2FdGyWa18wDmA7qOjz1HwISZNUDPPkBf04E6wvmsH9mMKNbNORviy%7Ctkp%3ABFBMgJTj7t5g
"GIGABYTE AORUS GeForce RTX 3070 Ti Master 8G Graphics Card, MAX-Covered Cooling, 8GB 256-bit GDDR6X, GV-N307TAORUS M-8GD Video Card",729.99,https://www.amazon.com/GIGABYTE-Graphics-MAX-Covered-GV-N307TAORUS-M-8GD/dp/B097GMHNCT/ref=sr_1_78?keywords=graphics+card&qid=1661999960&sr=8-78
"GIGABYTE AORUS GeForce RTX 3070 Ti Master 8G Graphics Card, MAX-Covered Cooling, 8GB 256-bit GDDR6X, GV-N307TAORUS M-8GD Video Card",729.99,https://www.amazon.com/GIGABYTE-Graphics-MAX-Covered-GV-N307TAORUS-M-8GD/dp/B097GMHNCT/ref=sr_1_114?keywords=graphics+card&qid=1661999972&sr=8-114
GIGABYTE AORUS GeForce RTX 3070 Ti 8GB GDDR6X PCI Express 4.0 ATX Video Card GV-N307TAORUS M-8GD,729.99,https://www.newegg.com/gigabyte-geforce-rtx-3070-ti-gv-n307taorus-m-8gd/p/N82E16814932441?Description=graphics card&cm_re=graphics_card-_-14-932-441-_-Product
PNY GeForce RTXâ„¢ 3080 10GB XLR8 Gaming Revel Epic-X RGBâ„¢ Triple Fan Graphics Card LHR,733.97,https://www.amazon.com/PNY-GeForce-Gaming-Epic-X-Graphics/dp/B0971ZW8YZ/ref=sr_1_256?keywords=graphics+card&qid=1662000028&sr=8-256
"GIGABYTE GeForce RTX 3080 Gaming OC 10G (REV2.0) Graphics Card, 3X WINDFORCE Fans, LHR, 10GB 320-bit GDDR6X, GV-N3080GAMING OC-10GD REV2.0 Video Card",739.99,https://www.amazon.com/GIGABYTE-GeForce-Graphics-WINDFORCE-GV-N3080GAMING/dp/B098TZ3RMZ/ref=sr_1_24?keywords=graphics+card&qid=1661999941&sr=8-24
GIGABYTE - NVIDIA GeForce RTX 3080 GAMING OC 10GB GDDR6X PCI Express 4.0 Graphics Card,759.99,https://bestbuy.com/site/gigabyte-nvidia-geforce-rtx-3080-gaming-oc-10gb-gddr6x-pci-express-4-0-graphics-card/6471960.p?skuId=6471960
GIGABYTE Gaming OC GeForce RTX 3080 10GB GDDR6X PCI Express 4.0 ATX Video Card GV-N3080GAMING OC-10GD (rev. 2.0) (LHR),759.99,https://www.newegg.com/gigabyte-geforce-rtx-3080-gv-n3080gaming-oc-10gd/p/N82E16814932459?Description=graphics card&cm_re=graphics_card-_-14-932-459-_-Product
"XFX Speedster MERC319 AMD Radeon RX 6900 XT Black Gaming Graphics Card with 16GB GDDR6, HDMI, 3xDP, AMD RDNA 2 RX-69XTATBD9",760.82,https://www.amazon.com/XFX-Speedster-MERC319-Graphics-RX-69XTATBD9/dp/B09BZP8KZG/ref=sr_1_36?keywords=graphics+card&qid=1661999947&sr=8-36
MSI Ventus GeForce RTX 3080 12GB GDDR6X PCI Express 4.0 Video Card RTX 3080 VENTUS 3X PLUS 12G OC LHR,769.99,https://www.newegg.com/msi-geforce-rtx-3080-rtx-3080-ventus-3x-plus-12g-oc-lhr/p/N82E16814137712?Description=graphics card&cm_re=graphics_card-_-14-137-712-_-Product
GIGABYTE Vision OC GeForce RTX 3080 10GB GDDR6X PCI Express 4.0 ATX Video Card GV-N3080VISION OC-10GD (rev. 2.0) (LHR),769.99,https://www.newegg.com/gigabyte-geforce-rtx-3080-gv-n3080vision-oc-10gd/p/N82E16814932460?Description=graphics card&cm_re=graphics_card-_-14-932-460-_-Product
"ZOTAC Gaming GeForce RTX 3080 Trinity OC LHR 12GB GDDR6X 384-bit 19 Gbps PCIE 4.0 Gaming Graphics Card, IceStorm 2.0 Advanced Cooling, Spectra 2.0 RGB Lighting, ZT-A30820J-10PLHR",778.96,https://www.amazon.com/ZOTAC-Graphics-IceStorm-Advanced-ZT-A30820J-10PLHR/dp/B09PZM76MG/ref=sr_1_51?keywords=graphics+card&qid=1661999947&sr=8-51
"EVGA GeForce RTX 3080 FTW3 Ultra Gaming, 10G-P5-3897-KL, 10GB GDDR6X, iCX3 Technology, ARGB LED, Metal Backplate, LHR",779.99,https://www.amazon.com/EVGA-GeForce-10G-P5-3897-KL-Technology-Backplate/dp/B097S6JDMV/ref=sr_1_90?keywords=graphics+card&qid=1661999966&sr=8-90
"EVGA GeForce RTX 3080 FTW3 ULTRA GAMING Video Card, 10G-P5-3897-KL, 10GB GDDR6X, iCX3 Technology, ARGB LED, Metal Backplate, LHR",779.99,https://www.newegg.com/evga-geforce-rtx-3080-10g-p5-3897-kl/p/N82E16814487541?Description=graphics card&cm_re=graphics_card-_-14-487-541-_-Product
"GIGABYTE GeForce RTX 3080 GAMING OC 12G Graphics Card, 3 x WINDFORCE Fans, 12GB 384-bit GDDR6X, GV-N3080GAMING OC-12GD Video Card",789.99,https://www.newegg.com/gigabyte-geforce-rtx-3080-gv-n3080gaming-oc-12gd/p/N82E16814932489?Description=graphics card&cm_re=graphics_card-_-14-932-489-_-Product
MSI Gaming GeForce RTX 3080 12GB GDDR6X PCI Express 4.0 ATX Video Card RTX 3080 GAMING Z TRIO 12G LHR,789.99,https://www.newegg.com/msi-geforce-rtx-3080-rtx-3080-gaming-z-trio-12g-lhr/p/N82E16814137711?Description=graphics card&cm_re=graphics_card-_-14-137-711-_-Product
"ASUS ROG Strix NVIDIA GeForce RTX 3080 OC Edition Gaming Graphics Card (PCIe 4.0, 12GB GDDR6X, LHR, HDMI 2.1, DisplayPort 1.4a, Axial-tech Fan Design, 2.9-slot, Super Alloy Power II, GPU Tweak II)",799.0,https://www.newegg.com/asus-geforce-rtx-3080-rog-strix-rtx3080-o12g-gaming/p/N82E16814126550?Description=graphics card&cm_re=graphics_card-_-14-126-550-_-Product
"XFX SPEEDSTER MERC319 AMD Radeon RX 6900 XT LIMITED BLACK Gaming Graphics Card with 16GB GDDR6, AMD RDNA 2, RX-69XTACSD9",799.99,https://www.newegg.com/xfx-radeon-rx-6900-xt-rx-69xtacsd9/p/N82E16814150859?Description=graphics card&cm_re=graphics_card-_-14-150-859-_-Product
Yeston RTX 3080 10GB GDDR6X 320bit LHR Graphics cards Nvidia pci express x16 4.0 HDMI 2.1*1 + DP1.4a*3 Desktop computer PC video gaming graphics card,799.99,https://www.newegg.com/yeston-geforce-rtx-3080-rtx3080-10g-d6x-ya/p/1FT-007N-00071?Description=graphics card&cm_re=graphics_card-_-9SIAZUEHMN7535-_-Product
MSI Gaming GeForce RTX 3080 LHR 12GB GDRR6X 384-Bit HDMI/DP Nvlink Torx Fan 4 RGB Ampere Architecture OC Graphics Card (RTX 3080 Gaming Z Trio 12G LHR),814.97,https://www.amazon.com/MSI-GeForce-RTX-3080-LHR/dp/B09QKL8XG5/ref=sr_1_62?keywords=graphics+card&qid=1661999954&sr=8-62
"PowerColor Red Devil AMD Radeonâ„¢ RX 6900 XT Gaming Graphics Card with 16GB GDDR6 Memory, Powered by AMD RDNAâ„¢ 2, Raytracing, PCI Express 4.0, HDMI 2.1, AMD Infinity Cache",819.99,https://www.amazon.com/PowerColor-Graphics-Powered-Raytracing-Infinity/dp/B08Q2R71CS/ref=sr_1_184?keywords=graphics+card&qid=1662000003&sr=8-184
"PowerColor Red Devil AMD Radeonâ„¢ RX 6900 XT Gaming Graphics Card with 16GB GDDR6 Memory, Powered by AMD RDNAâ„¢ 2, Raytracing, PCI Express 4.0, HDMI 2.1, AMD Infinity Cache",819.99,https://www.amazon.com/PowerColor-Graphics-Powered-Raytracing-Infinity/dp/B08Q2R71CS/ref=sr_1_238?keywords=graphics+card&qid=1662000021&sr=8-238
"ASUS ROG Strix NVIDIA GeForce RTX 3080 EVA Edition Gaming Graphics Card (PCIe 4.0, 12GB GDDR6X, HDMI 2.1, DisplayPort 1.4a, Axial-tech Fan Design, 2.9-Slot, Super Alloy Power II, GPU Tweak)",849.99,https://www.amazon.com/ASUS-Graphics-DisplayPort-Axial-tech-2-9-Slot/dp/B0B27JZ7T1/ref=sr_1_201?keywords=graphics+card&qid=1662000009&sr=8-201
"ZOTAC Gaming GeForce RTXâ„¢ 3080 Trinity OC White Edition LHR 10GB GDDR6X 320-bit 19 Gbps PCIE 4.0 Gaming Graphics Card, IceStorm 2.0 Advanced Cooling, Spectra 2.0 RGB Lighting, ZT-A30800K-10PLHR",849.99,https://www.amazon.com/ZOTAC-Graphics-IceStorm-Advanced-ZT-A30800K-10PLHR/dp/B09G1LMC55/ref=sr_1_234?keywords=graphics+card&qid=1662000021&sr=8-234
Yeston RTX 3080 10GB GDDR6X 320bit LHR Graphics cards Nvidia pci express x16 4.0 HDMI 2.1*1 + DP1.4a*3 Desktop computer PC video gaming graphics card,879.0,https://www.newegg.com/yeston-geforce-rtx-3060-rtx-3060-12gd6-lb/p/1FT-007N-00070?Description=graphics card&cm_re=graphics_card-_-9SIAZUEHJ34741-_-Product
ASUS TUF-RTX3080-O10G-V2-GAMING Graphic Card & ASUS ROG Herculx Graphics Card Anti-Sag Holder Bracket,895.98,https://www.amazon.com/ASUS-TUF-RTX3080-O10G-V2-GAMING-Graphic-Graphics-Anti-Sag/dp/B0B84WX4Q2/ref=sr_1_216?keywords=graphics+card&qid=1662000015&sr=8-216
"ZOTAC Gaming GeForce RTXâ„¢ 3080 Ti Trinity OC 12GB GDDR6X 384-bit 19 Gbps PCIE 4.0 Gaming Graphics Card, IceStorm 2.0 Advanced Cooling, Spectra 2.0 RGB Lighting, ZT-A30810J-10P",898.92,https://www.amazon.com/ZOTAC-Graphics-IceStorm-Advanced-ZT-A30810J-10P/dp/B097DTK1F6/ref=sr_1_73?keywords=graphics+card&qid=1661999960&sr=8-73
MSI Gaming GeForce RTX 3080 10GB GDRR6X 320-Bit HDMI/DP Nvlink Torx Fan 3 Ampere Architecture OC Graphics Card (RTX 3080 VENTUS 3X 10G OC),939.0,https://www.amazon.com/MSI-GeForce-320-Bit-Architecture-Graphics/dp/B08HR5SXPS/ref=sr_1_151?keywords=graphics+card&qid=1661999990&sr=8-151
"GIGABYTE GeForce RTX 3080 Gaming OC 12G Graphics Card, 3X WINDFORCE Fans, 12GB 384-bit GDDR6X, GV-N3080GAMING OC-12GD Video Card",939.9,https://www.amazon.com/GIGABYTE-Graphics-WINDFORCE-GV-N3080GAMING-OC-12GD/dp/B09QDWGNPG/ref=sr_1_209?keywords=graphics+card&qid=1662000009&sr=8-209
"GIGABYTE GeForce RTX 3080 Gaming OC 12G Graphics Card, 3X WINDFORCE Fans, 12GB 384-bit GDDR6X, GV-N3080GAMING OC-12GD Video Card",939.9,https://www.amazon.com/GIGABYTE-Graphics-WINDFORCE-GV-N3080GAMING-OC-12GD/dp/B09QDWGNPG/ref=sr_1_272?keywords=graphics+card&qid=1662000034&sr=8-272
"ASUS TUF Gaming NVIDIA GeForce RTX 3080 Ti Graphics Card (PCIe 4.0, 12GB GDDR6X, HDMI 2.1, DisplayPort 1.4a, Dual Ball Fan Bearings, Military-Grade Certification, GPU Tweak II)",949.99,https://www.amazon.com/Graphics-DisplayPort-Bearings-Military-Grade-Certification/dp/B09H3SWN77/ref=sr_1_23?keywords=graphics+card&qid=1661999941&sr=8-23
"ASUS TUF Gaming NVIDIA GeForce RTX 3080 Ti OC Edition Graphics Card (PCIe 4.0, 12GB GDDR6X, HDMI 2.1, DisplayPort 1.4a, Dual Ball Fan Bearings, Military-Grade Certification, GPU Tweak II)",949.99,https://www.amazon.com/ASUS-Graphics-DisplayPort-Military-Grade-Certification/dp/B096L3GLYS/ref=sr_1_257?keywords=graphics+card&qid=1662000028&sr=8-257
ASUS TUF Gaming GeForce RTX 3080 Ti 12GB GDDR6X PCI Express 4.0 Video Card TUF-RTX3080TI-O12G-GAMING,949.99,https://www.newegg.com/asus-geforce-rtx-3080-ti-tuf-rtx3080ti-o12g-gaming/p/N82E16814126509?Description=graphics card&cm_re=graphics_card-_-14-126-509-_-Product
"ASUS TUF Gaming NVIDIA GeForce RTX 3080 OC Edition Graphics Card- PCIe 4.0, 10GB GDDR6X, HDMI 2.1, DisplayPort 1.4a, Dual Ball Fan Bearings",989.9,https://www.amazon.com/ASUS-GeForce-Graphics-DisplayPort-Bearings/dp/B08HH5WF97/ref=sr_1_291?keywords=graphics+card&qid=1662000040&sr=8-291
"ASUS ROG Strix NVIDIA GeForce RTX 3070 V2 White OC Edition Gaming Graphics Card (PCIe 4.0, 8GB GDDR6, LHR, HDMI 2.1, DisplayPort 1.4a, White Color Scheme, Axial-tech Fan Design, 2.9-Slot)",999.99,https://www.amazon.com/ASUS-Graphics-DisplayPort-Axial-tech-2-9-Slot/dp/B09CFRMXQY/ref=sr_1_245?keywords=graphics+card&qid=1662000028&sr=8-245
"ASUS ROG Strix NVIDIA GeForce RTX 3070 V2 White OC Edition Gaming Graphics Card (PCIe 4.0, 8GB GDDR6, LHR, HDMI 2.1, DisplayPort 1.4a, White Color Scheme, Axial-tech Fan Design, 2.9-Slot)",999.99,https://www.amazon.com/ASUS-Graphics-DisplayPort-Axial-tech-2-9-Slot/dp/B09CFRMXQY/ref=sr_1_304?keywords=graphics+card&qid=1662000046&sr=8-304
EVGA - NVIDIA GeForce RTX 3080 Ti FTW3 ULTRA GAMING 12GB GDDR6X PCI Express 4.0 Graphics Card,999.99,https://bestbuy.com/site/evga-nvidia-geforce-rtx-3080-ti-ftw3-ultra-gaming-12gb-gddr6x-pci-express-4-0-graphics-card/6467808.p?skuId=6467808
"EVGA GeForce RTX 3080 Ti FTW3 ULTRA GAMING Video Card, 12G-P5-3967-KR, 12GB GDDR6X, iCX3 Technology, ARGB LED, Metal Backplate",999.99,https://www.newegg.com/evga-geforce-rtx-3080-ti-12g-p5-3967-kr/p/N82E16814487547?Description=graphics card&cm_re=graphics_card-_-14-487-547-_-Product
MSI Gaming GeForce RTX 3080 Ti 12GB GDRR6X 320-Bit HDMI/DP Nvlink Torx Fan 3 Ampere Architecture OC Graphics Card (RTX 3080 Ti Gaming X Trio 12G),1079.9,https://www.amazon.com/MSI-Gaming-RTX-3080-Trio/dp/B095VZ6F73/ref=sr_1_50?keywords=graphics+card&qid=1661999947&sr=8-50
MSI Gaming GeForce RTX 2080 Ti GDRR6 352-bit HDMI/DP/USB Ray Tracing Turing Architecture Graphics Card (RTX 2080 TI Gaming X Trio) (Renewed),1099.9,https://www.amazon.com/MSI-GeForce-352-bit-Architecture-Graphics/dp/B07VR2GZMB/ref=sr_1_116?keywords=graphics+card&qid=1661999972&sr=8-116
"EVGA GeForce RTX 3090 FTW3 Ultra Gaming, 24GB GDDR6X, iCX3 Technology, ARGB LED, Metal Backplate, 24G-P5-3987-KR",1158.2,https://www.amazon.com/EVGA-GeForce-Technology-Backplate-24G-P5-3987-KR/dp/B08J5F3G18/ref=sr_1_36?keywords=graphics+card&qid=1661999941&sr=8-36
"EVGA GeForce RTX 3090 FTW3 Ultra Gaming, 24GB GDDR6X, iCX3 Technology, ARGB LED, Metal Backplate, 24G-P5-3987-KR",1158.2,https://www.amazon.com/EVGA-GeForce-Technology-Backplate-24G-P5-3987-KR/dp/B08J5F3G18/ref=sr_1_89?keywords=graphics+card&qid=1661999966&sr=8-89
MSI Gaming GeForce RTX 3090 Ti 24GB GDRR6X 384-Bit HDMI/DP Nvlink Tri-Frozr Ampere Architecture OC Graphics Card (RTX 3090 Ti SUPRIM X 24G),1179.9,https://www.amazon.com/MSI-GeForce-RTX-SUPRIM-24G/dp/B09R9JPVK9/ref=sr_1_6?keywords=graphics+card&qid=1661999935&sr=8-6
PNY GeForce RTXâ„¢ 3090 24GB XLR8 Gaming REVEL EPIC-X RGBâ„¢ Triple Fan Graphics Card,1195.0,https://www.amazon.com/PNY-GeForce-Gaming-EPIC-X-Graphics/dp/B08HBQWBHH/ref=sr_1_74?keywords=graphics+card&qid=1661999960&sr=8-74
PNY GeForce RTXâ„¢ 3090 24GB XLR8 Gaming REVEL EPIC-X RGBâ„¢ Triple Fan Graphics Card,1195.0,https://www.amazon.com/PNY-GeForce-Gaming-EPIC-X-Graphics/dp/B08HBQWBHH/ref=sr_1_178?keywords=graphics+card&qid=1661999997&sr=8-178
AMD Radeon RX 6900 XT,1197.9,https://www.amazon.com/AMD-Radeon-RX-6900-XT/dp/B08R6M3JPS/ref=sr_1_77?keywords=graphics+card&qid=1661999960&sr=8-77
MSI Gaming Radeon RX 6950 XT 256-bit 16GB GDDR6 DP/HDMI Triple Torx 4.0 Fans FreeSync DirectX 12 VR Ready RGB Graphics Card (RX 6950 XT Gaming X Trio 16G),1202.9,https://www.amazon.com/MSI-256-bit-FreeSync-DirectX-Graphics/dp/B09YHXFD19/ref=sr_1_260?keywords=graphics+card&qid=1662000034&sr=8-260
MSI Gaming GeForce RTX 3090 24GB GDRR6X 384-Bit HDMI/DP Nvlink Tri-Frozr 2 Ampere Architecture OC Graphics Card (RTX 3090 GAMING X TRIO 24G),1243.9,https://www.amazon.com/MSI-GeForce-Tri-Frozr-Architecture-Graphics/dp/B08HRBW6VB/ref=sr_1_52?keywords=graphics+card&qid=1661999947&sr=8-52
MSI Gaming GeForce RTX 3090 Ti Gaming X Trio OC Graphics Card 24GB GDRR6X 384-Bit Tri-Frozr Ampere Architecture 1x HDMI 2.1 3x DisplayPort 1.4a w/ MT HDMI 2.1 Cable(4k@120Hz/8K@60Hz),1279.99,https://www.newegg.com/p/1FT-0009-00AH0?Item=9SIA6V6J4P1781&Description=graphics card&cm_re=graphics_card-_-9SIA6V6J4P1781-_-Product&cm_sp=SP-_-1331590-_-0-_-2-_-9SIA6V6J4P1781-_-graphics card-_-card|graphic-_-12
MSI Gaming GeForce RTX 3090 Ti Gaming X Trio OC Graphics Card 24GB GDRR6X 384-Bit Tri-Frozr Ampere Architecture 1x HDMI 2.1 3x DisplayPort 1.4a w/ MT HDMI Cable,1279.99,https://www.newegg.com/p/1FT-0009-00AG8?Item=9SIA6V6J4P1779&Description=graphics card&cm_re=graphics_card-_-9SIA6V6J4P1779-_-Product&cm_sp=SP-_-1331590-_-0-_-2-_-9SIA6V6J4P1779-_-graphics card-_-card|graphic-_-14
"MSI Gaming GeForce RTX 3090 Ti Gaming X Trio OC Graphics Card 24GB GDRR6X 384-Bit Tri-Frozr Ampere Architecture 1x HDMI 2.1 3x DisplayPort 1.4a w/ MT HDMI 2.1, Anti-Sag RGB Holder",1289.99,https://www.newegg.com/p/1FT-0009-00AG9?Item=9SIA6V6J4P1780&Description=graphics card&cm_re=graphics_card-_-9SIA6V6J4P1780-_-Product&cm_sp=SP-_-1331590-_-0-_-2-_-9SIA6V6J4P1780-_-graphics card-_-card|graphic-_-9
ASUS ROG-STRIX-LC-RTX3090TI-O24G-GAMING Graphic Card & ASUS ROG Herculx Graphics Card Anti-Sag Holder Bracket,1544.9,https://www.amazon.com/ASUS-ROG-STRIX-LC-RTX3090TI-O24G-GAMING-Graphic-Graphics-Anti-Sag/dp/B0B84Y7JDY/ref=sr_1_180?keywords=graphics+card&qid=1662000003&sr=8-180
NVIDIA - GeForce RTX 3090 Ti - Titanium and black,1599.99,https://bestbuy.com/site/nvidia-geforce-rtx-3090-ti-titanium-and-black/6502626.p?skuId=6502626
"ASUS ROG STRIX NVIDIA GeForce RTXâ„¢ 3090 White OC Edition Gaming Graphics Card (PCIe 4.0, 24GB GDDR6X, HDMI 2.1, DisplayPort 1.4a, White color scheme, Axial-tech Fan Design, 2.9-slot, Super Alloy Power",1661.6,https://www.amazon.com/ASUS-Graphics-DisplayPort-Axial-tech-2-9-Slot/dp/B08R133PYZ/ref=sr_1_69?keywords=graphics+card&qid=1661999960&sr=8-69
"ASUS ROG STRIX NVIDIA GeForce RTXâ„¢ 3090 White OC Edition Gaming Graphics Card (PCIe 4.0, 24GB GDDR6X, HDMI 2.1, DisplayPort 1.4a, White color scheme, Axial-tech Fan Design, 2.9-slot, Super Alloy Power",1661.6,https://www.amazon.com/ASUS-Graphics-DisplayPort-Axial-tech-2-9-Slot/dp/B08R133PYZ/ref=sr_1_289?keywords=graphics+card&qid=1662000040&sr=8-289
"GIGABYTE AORUS Radeon RX 6900 XT Xtreme WATERFORCE WB 16G Graphics Card, WATERFORCE Water Block Cooling System, 16GB 256-bit GDDR6, GV-R69XTAORUSX WB-16GD Video Card",1790.0,https://www.amazon.com/GIGABYTE-WATERFORCE-Graphics-GV-R69XTAORUSX-WB-16GD/dp/B097FYBRXH/ref=sr_1_141?keywords=graphics+card&qid=1661999984&sr=8-141
